Date,Open,High,Low,Close,Volume,SMA_50,EMA_50,RSI,MACD,Upper_Band,Lower_Band,Target
2025-01-01,137.45401188473625,151.41724616513116,133.75135330796385,142.92139650828742,153302,,142.92139650828742,,0.0,,,0
2025-01-02,195.07143064099162,205.79335796787404,184.23341169342447,194.56454723081134,181234,,144.94661810524914,,4.119681539118744,,,1
2025-01-03,173.19939418114052,179.38994650686706,155.74047746361236,156.34689870510675,69675,,145.39368793269455,,4.251703015988966,,,0
2025-01-06,159.86584841970367,176.14174881384264,145.22135069151244,155.7728693800935,123997,,145.80071465612195,,4.260894676886352,,,0
2025-01-07,115.60186404424365,129.29648749532123,99.47064108701466,110.8102972180327,198087,,144.4285414232557,,0.6327810230445436,,,0
2025-01-08,115.59945203362027,118.85179082051809,102.42378469940591,108.97564778521918,190905,,143.0382318688229,,-2.363323145096359,,,0
2025-01-09,105.80836121681995,124.0269049066968,91.9628299264629,110.56552027482803,57896,,141.76479219847016,,-4.556938313043105,,,1
2025-01-10,186.6176145774935,203.0683594359569,169.63370154618713,187.4745201451102,99733,,143.55733054931878,,-0.08846088160515819,,,1
2025-01-13,160.1115011743209,179.10749944015936,155.11814099713717,169.70139416749777,91800,,144.58258794611012,,1.9956918528640983,,,0
2025-01-14,170.80725777960456,185.32164794737176,161.01875850674173,179.60763184698857,146044,,145.95611907947793,,4.396073304696955,,,1
2025-01-15,102.05844942958025,114.32675334829605,97.6342605931882,111.2050191467126,55347,,144.59333084682046,,0.7699976648893028,,,0
2025-01-16,196.99098521619942,205.3558459420118,177.2376250562665,197.42996833675397,183715,,146.66535584642568,,4.7986238350160875,,,1
2025-01-17,183.24426408004217,201.89883374712244,164.3630772863099,200.22938203020982,90785,,148.7659058928486,,8.123584760547601,,,1
2025-01-20,121.23391106782762,138.5551888578358,120.4453748404575,120.77556352178289,68681,,147.66824540770875,46.365732387753845,4.2978383139464995,,,0
2025-01-21,118.18249672071006,119.08687012283386,104.07099327039629,107.0107713938387,153864,,146.0738346620668,39.47754236121941,0.15343430923564938,,,0
2025-01-22,118.34045098534338,118.86779047528842,99.83548463703006,99.97942358663057,196964,,144.2662106983242,47.49358175041903,-3.6562596427138203,,,0
2025-01-23,130.42422429595376,137.95349163351474,126.8127173934071,134.02608700998175,97299,,143.86463722034998,51.05997060610285,-3.8834226693845437,,,1
2025-01-24,152.4756431632238,168.68670977886046,141.1167385521712,165.8754149474103,67073,,144.72780497435232,52.5188526514809,-1.4764567417745695,,,1
2025-01-27,143.1945018642116,162.94002445051046,124.88473591245075,134.15052496257124,152304,,144.31300967977268,52.46747737371695,-2.104591962616894,,,0
2025-01-28,129.1229140198042,132.13125184187476,128.44399444808823,131.86220942768395,80682,,143.82474300322016,53.989528100259186,-2.755280432297866,213.70400015528475,78.22450860727037,0
2025-01-29,161.18528947223794,173.06790377928064,147.23688412730115,148.7936522702443,174302,,144.0196021901623,42.23858935301309,-1.883023474581023,213.99298569385633,78.52274864489448,1
2025-01-30,113.94938606520418,121.56720319782461,108.00240591775317,120.67784119256538,195361,,143.10423901378596,44.511648618320535,-3.4210290384116604,207.1937512310871,77.93331250383909,0
2025-01-31,129.2144648535218,148.61275280981386,110.72654094599119,124.04819257087863,165359,,142.3569430748484,42.82494954297206,-4.318173127605405,205.74257975801208,76.15461336349132,1
2025-02-03,136.63618432936917,153.47856279208335,117.21501942606182,120.89289803674781,188999,,141.5152158184523,54.5119855994537,-5.223558252886107,204.19589714696568,74.21329884020318,0
2025-02-04,145.6069984217036,162.37357251592636,126.72166863943491,144.0439218942476,116707,,141.61438076260114,46.17020528847509,-4.02657252191932,204.48576752864727,77.2467909261431,1
2025-02-05,178.51759613930136,187.89145933520078,169.03331180615208,173.8756422022282,115428,,142.87952827003753,37.76035413488533,-0.663137950047485,207.5020334494381,80.72052444705315,1
2025-02-06,119.96737821583598,128.26376826258928,102.7265251960497,110.00139373652183,100601,,141.59018966088004,53.217667019839844,-3.115792930032768,207.53714598290898,80.62899925975162,0
2025-02-07,151.42344384136118,156.8915852799753,134.53245587065976,141.40319196263064,183611,,141.58285641781146,57.999630215369095,-2.49689434725434,201.85617293670347,81.70283948770921,1
2025-02-10,159.24145688620425,160.36896681922278,152.85944742133913,158.88978597811644,161487,,142.26155953782342,50.85862615984092,-0.5886056860387328,200.4459902026225,82.03186140285203,1
2025-02-11,104.64504127199977,121.93948879710084,88.06673178898623,106.32961070199198,199817,,140.8524635050457,53.96231701101432,-3.279634469950537,195.84667988206917,79.30336960890571,0
2025-02-12,160.75448519014384,177.01250537274538,160.014332495834,165.30599458400127,78228,,141.811425508142,44.88723448217999,-0.6459468032829534,198.4202240239849,82.13992301071883,1
2025-02-13,117.05241236872915,137.04676583445178,105.12701479908809,124.60871721084422,172788,,141.13680949648327,48.053414228778564,-1.8216615351965686,188.49031745482478,84.787704467288,0
2025-02-14,106.50515929852796,126.43789604000607,101.9049825527739,119.4742450873145,147239,,140.28729716671194,57.1227708330344,-3.1316334001375594,175.3870725143566,89.81543571346663,0
2025-02-17,194.88855372533334,205.9971878373859,192.47721600978775,196.1630848192322,76928,,142.47850452563432,56.04440478323984,1.9953517372854321,187.28142970148434,85.45983065608385,1
2025-02-18,196.56320330745592,211.94295161106612,195.02413927487174,202.02089891538097,68322,,144.81350038405574,55.666298519819236,6.456771396927422,197.89062506840617,84.35164804131618,1
2025-02-19,180.8397348116461,199.73504940929467,166.91395929408333,170.91439374728634,137896,,145.83706482967264,50.40646195382019,7.397173608059006,199.44319558355267,89.89257454223525,0
2025-02-20,130.46137691733708,147.4543247308853,123.66387764197576,127.97350165727096,112292,,145.13653294055885,48.760081369945624,4.624173423183038,199.45410734587267,89.2764042446442,0
2025-02-21,109.76721140063839,114.71417343550235,95.27187597006316,108.51437189587193,79055,,143.70036976233584,52.324772946922735,0.8466025461095228,197.82948269653355,85.16492458882948,0
2025-02-24,168.4233026512157,177.43418535741756,167.11617583523685,168.98825843444905,92891,,144.69205167104616,47.046702032949355,2.701447052378768,200.7568640881001,85.7213165444507,1
2025-02-25,144.01524937396013,146.59843767699005,137.70944261734792,142.37761734026935,131912,,144.60128954042747,51.28709899881047,2.0011008996081046,201.0364720319518,86.49324939185756,0
2025-02-26,112.20382348447788,131.28484402965233,101.41399763697113,122.59380960618675,187660,,143.7382511116337,49.5004954866021,-0.1486034085533845,200.43631937440065,84.47341778300293,0
2025-02-27,149.51769101112703,161.64118370014464,133.70322771434775,136.6891504876661,140536,,143.46181579304672,44.29939065274,-0.7067365322820933,200.40706523966168,86.10380284725198,1
2025-02-28,103.43885211152184,108.01170822159109,97.06380205288045,103.27468300174066,56304,,141.88584980123082,57.614816575572064,-3.8015079069321587,201.55154981231405,82.88196731768582,0
2025-03-03,190.9320402078782,204.36605389599535,178.41421267913802,185.07248930391071,57345,,143.5794435072183,47.21539310702177,0.3423168225826885,206.81129880202622,84.04017745468997,1
2025-03-04,125.8779981600017,138.2405629691596,108.15844319527795,137.12532478966443,141006,,143.32634081241224,53.9412822124316,-0.23984292976101074,206.5760343062276,83.58358224003022,0
2025-03-05,166.2522284353982,173.41548279605502,153.9349646717521,163.35468440660736,196424,,144.11176605140028,51.21927642432147,1.3991528226576122,205.18677057949031,83.92075018720544,1
2025-03-06,131.1711076089411,133.44225945293368,126.51191811386842,132.09772160055383,179350,,143.64062705332788,46.04901847383456,0.17388861198807604,204.4169466114737,86.90020694162529,0
2025-03-07,152.0068021177811,165.43826602963708,151.51878648665033,159.17765358420274,69446,,144.2499222114014,43.42048195613915,1.3721646323871823,205.57174472297106,87.52285499228509,1
2025-03-10,154.67102793432798,165.07718195240386,137.26905045630937,138.4762718785147,52336,,144.0235045512882,45.36899348311894,0.6439553996833354,204.35809288281249,86.69515542248351,0
2025-03-11,118.4854455525527,133.9318133872655,118.06005733554497,128.10928151278458,112032,144.01106744070955,143.39941737330767,57.84855960808791,-0.7609138049683679,203.15374274082225,90.077472645553,0
2025-03-12,196.95846277645586,207.36173279869573,179.46442932277188,206.00601708831923,147852,145.27275985231017,145.85457814644536,57.50219077169962,4.361061180945114,210.68409547819016,86.61712215861688,1
2025-03-13,177.51328233611144,194.55691234248224,166.9345396555672,183.55248556450246,188593,145.05251861898398,147.3329274569574,53.35852052591768,6.533140935177499,214.4177388000951,88.77785567207782,0
2025-03-14,193.9498941564189,204.9880309319086,175.16854018616098,199.5963347988577,68474,145.917507340859,149.3824728429143,56.39915528536934,9.440312294821751,219.99758982117845,91.21021362214873,1
2025-03-17,189.4827350427649,200.70149447347262,173.5070703272916,197.55255592438286,105718,146.7531010717448,151.27149570885425,52.800082598340275,11.447392255612584,220.254037679847,91.09271287399531,0
2025-03-18,159.78999788110852,177.32306993427542,139.83131567044177,148.38242643290238,94629,147.5045436560422,151.1581988745032,55.312851734370945,8.96703269559427,213.81363423018993,92.16926907540451,0
2025-03-19,192.18742350231167,200.25708082655962,185.17318719327747,188.3716490039395,95232,149.0924636804166,152.6175498599713,50.11578751706392,10.11156609218014,216.25045274989975,91.47817608136,1
2025-03-20,108.84925020519195,111.52955477420477,93.50548442656941,104.5178487506875,136544,148.97151024993377,150.73128707137192,42.48606091170687,4.203856726371981,217.94306907490426,87.43999446569711,0
2025-03-21,119.59828624191452,120.1739397681813,111.55966796972967,115.1003789255463,100669,147.52402742554253,149.33399655584935,47.43503382627665,0.37159274458653613,217.39421558210327,88.64744866146557,1
2025-03-24,104.5227288910538,119.62547400452618,94.92521648497562,115.67000694648885,119184,146.44339968112234,148.01384010058032,47.50341687772493,-2.589687544253792,216.34002633154103,84.36981276323176,1
2025-03-25,132.53303307632643,144.93922410339573,119.98292381195903,142.44417114871658,63140,145.7001304671569,147.79542171031116,50.05645432019964,-2.744436067307049,216.34166680667556,84.37482766894196,1
2025-03-26,138.8677289689482,152.94932433093268,121.39418668522143,132.54644695605583,176468,146.12695902334377,147.19742270034038,44.09215531357812,-3.623964206808239,216.10366407802428,85.60809413258018,0
2025-03-27,127.13490317738959,131.39418640756782,107.45323379340368,113.12414062150233,133457,144.44084246903873,145.86121555999378,54.93108870571031,-5.821112237871176,216.82596599479814,82.52929122918995,0
2025-03-28,182.87375091519294,185.60118042692835,167.50828263790257,181.63025100693645,64357,144.06885984857325,147.2639228324229,50.16558406064779,-2.0113121489785044,218.44832274882532,88.7424912756823,1
2025-03-31,135.67533266935894,135.96622598271657,127.31999702601226,129.69603292804567,161672,144.24726923669851,146.57498597342772,40.88420993814713,-3.1464056907663576,214.74276944912714,86.91039893779396,0
2025-04-01,128.09345096873807,135.10520214487002,119.66631092319666,132.3665639041203,118673,144.75438508690414,146.01779295110194,45.90052741955958,-3.786833707571219,214.75453240192468,86.42275989644209,1
2025-04-02,154.26960831582485,166.06796205291752,139.51796228404703,150.76821282048326,171673,145.7701608715812,146.2040839263718,40.18157703944628,-2.7775009444170564,213.84429996782717,86.07434517192719,1
2025-04-03,114.09242249747626,121.9373033994709,109.31687958211022,117.74164223040502,115633,145.44447197598964,145.08790974221625,48.057674684993664,-4.589658958311986,214.28363675798983,84.19940044474959,0
2025-04-04,180.21969807540398,188.96919651587856,178.0102158127761,179.05718547355505,146111,145.70810738651255,146.42003820226876,46.70222321091,-1.0658686653765699,216.5128292767603,83.95816111491436,1
2025-04-07,107.45506436797709,125.53823825785206,100.36262121516155,116.06866466173048,128258,145.34647018049574,145.22978825950256,50.96835783715973,-3.317642960283507,216.96827167706704,81.26195799292918,0
2025-04-08,198.68869366005174,205.65380300051774,192.94391382697012,198.68583095591117,193996,146.68294261106027,147.32610365936173,58.1749932470767,1.5464974869494768,223.18500931657076,82.10287529773815,1
2025-04-09,177.22447692966574,187.50426671286195,171.29831452054594,180.80486323037564,119286,147.32316683026292,148.63899619155836,50.33938362967031,3.913407847993028,218.73992474497686,84.02784448353769,0
2025-04-10,119.87156815341724,135.5446284082401,115.19941313241904,118.61769835838481,143269,147.2819639735793,147.46169039417902,49.10433044583669,0.7624280801276484,215.22381256237213,81.05047794553059,0
2025-04-11,100.55221171236025,108.48306735878565,99.71034791963301,106.17473454610604,124071,146.92449481308384,145.84259408641145,54.22395384314098,-2.7075780031409806,208.4427661250225,78.4893643576051,0
2025-04-14,181.54614284548342,193.9878768500409,181.18866415081513,192.2317874625613,80651,148.35127260160013,147.66177814037812,52.154661919172845,1.4695619420853347,207.28171323193584,79.11834040450962,1
2025-04-15,170.6857343847617,187.93300855969662,150.93128659004108,158.95103241275868,120202,148.64941481197036,148.10449399419696,54.47813689436876,2.0706277420124763,208.16340868948924,79.29350554494188,0
2025-04-16,172.90071680409875,191.8911292772516,164.3452541293815,166.98179532557376,98777,148.51153787443727,148.84478032091764,48.88538358120394,3.1585820028977594,204.63718817876295,80.68074068783156,1
2025-04-17,177.12703466859458,180.06850428717533,169.44050172540094,169.69173267845812,198066,149.70534465327597,149.6623078643506,48.58393792731436,4.191149922022049,206.28464182366469,85.55067543570686,1
2025-04-18,107.40446517340904,125.93621767663893,93.81151951954764,114.43466019674256,117263,149.1659740179582,148.28083148522873,50.68878798534374,0.5444078951931317,206.3235939039085,85.44515148258266,0
2025-04-21,135.84657285442725,145.688898716018,131.48149509712596,140.10672510246147,150158,148.79031280044512,147.96027829374765,46.10834119415782,-0.27101624041537775,205.94029841855726,88.27211878353117,1
2025-04-22,111.58690595251298,116.75179371849214,92.58768227350848,105.7981394810155,60800,148.77968337602562,146.30686108540522,54.76340081410347,-3.6436600288232626,206.93403401529338,83.61378002002493,0
2025-04-23,186.31034258755935,195.49305771232457,170.5834422992483,176.36115525967708,87823,149.0007865895391,147.48546085694528,49.09569219709032,-0.6155630484653045,210.32255374990748,84.60673111577299,1
2025-04-24,162.3298126827558,181.93046418846535,160.54159263651061,168.9026307718226,113878,149.88666486075866,148.32534987321498,51.83255352152133,1.1689105587494453,211.6282764637435,88.878857416969,0
2025-04-25,133.08980248526493,142.94216436512232,124.73818696956636,135.5600207374884,68708,150.20838037376217,147.82474873063745,39.88467642128595,-0.10612784926280483,207.80574467726,88.09436617650766,0
2025-04-28,106.35583502860237,112.93086723435253,88.77346887735908,100.77406377737238,193891,148.30059995292496,145.9796238305094,46.32161342069948,-3.8788282643328102,209.5300712395939,83.47784269910646,0
2025-04-29,131.09823217156622,143.76624925790074,112.20359172573802,143.38072781550972,113870,147.12779653092753,145.8777063397251,50.69744142942568,-3.391622304273227,209.75227817641422,84.35705215342506,1
2025-04-30,132.5183322026747,137.32124457823858,123.17030197767733,125.10105308454244,59283,146.21152971767265,145.06293562383559,56.4419193746786,-4.42946493741735,209.1954204907652,82.34719386548002,0
2025-05-01,172.9606178338064,174.4778843959797,160.69239004959223,170.27530136933737,128707,147.05756571191398,146.05165584914937,46.48827465429624,-1.5884675368210424,211.28340063822827,85.51257963191017,1
2025-05-02,163.75574713552132,166.33334157373432,160.4150682136798,162.8079372079215,55774,148.14343701815497,146.7087649220424,52.43337723535337,0.059800152043948174,209.21035007805202,85.96070536552307,0
2025-05-05,188.72127425763267,191.28219103678813,168.89790173489314,178.48284579434812,192055,148.33332876535297,147.95480730919166,47.7709318521759,2.6009165459175563,211.9310065786834,89.48146697815346,1
2025-05-06,147.22149251619493,150.2595463864408,142.58805848852606,148.09310106334343,146468,148.44763843981443,147.96023059366823,43.31778763301065,2.1379264879786604,205.0828942306355,91.27030633694457,0
2025-05-07,111.95942459383016,114.73596804681837,93.10478911112764,108.0829994019661,146334,148.15742223573,146.39641760575836,57.21412209615518,-1.4408678664477748,201.95959377039486,87.12142041434426,0
2025-05-08,171.3244787222995,184.14197361836378,158.3315457424521,183.9162870744676,68133,149.10196496746605,147.86778503590384,52.72704109683541,1.8210326430353518,206.4314312082463,89.17944184810115,1
2025-05-09,176.07850486168974,179.71610654967265,163.92376896411255,165.95141492723022,196011,150.35549960597584,148.57694699242643,54.57178980868915,2.9228049775454963,206.50646907304173,95.08207202141813,0
2025-05-12,156.12771975694963,163.0410654234269,145.87394953661945,147.6612119525323,50781,149.6072740589483,148.54103581439136,51.453597983995046,2.293661070960212,200.75306528744568,96.37841825601123,0
2025-05-13,177.09671799545612,195.03248619357635,172.48332176110094,188.81655685336165,164586,150.64109870022222,150.12046801199804,48.29882446056627,5.057650924602456,205.1271688238531,94.99086716366409,1
2025-05-14,149.37955963643907,158.85879244169652,145.8489989963289,153.37369331808526,77624,150.44147887845176,150.24804547498186,52.02646006190398,4.338182055843106,203.8999337410747,94.85729204569364,0
2025-05-15,152.2732829381994,165.62443770861995,147.8635587567959,152.732893168916,56823,150.85418230981904,150.3454904825871,54.8276834077794,3.6739396874416173,202.24331135321148,94.8180304826027,0
2025-05-16,142.75410183585495,146.20049925988755,139.02533659296986,139.5951834843698,68489,150.46253290782238,149.92390981599036,43.32845511159067,2.063631193916052,201.2712013541797,98.30619281039719,0
2025-05-19,102.54191267440952,106.38769305058293,86.95022320307444,88.61520284679541,79118,149.46531152718796,147.51964679759055,48.27165375499941,-3.288302761489291,205.4432801350526,88.98496180395767,0
2025-05-20,110.78914269933044,111.60651502466001,103.78663751599584,110.77910062523452,150417,149.11870790943695,146.0788410653413,41.060238662092786,-5.675879652925829,204.98479485010466,89.94154320332757,1
2025-05-21,103.14291856867342,106.52161983011672,101.9860650374055,102.85628980159827,131816,147.05571336370255,144.38383905499842,48.749687960395796,-8.113825036387823,202.9060672940613,84.66978421356299,0
2025-05-22,163.64104112637804,169.21284790701722,144.2589885235618,152.32835701320084,63565,146.43123079267653,144.6953887788495,43.14738666896684,-5.984941271093305,201.05077293770842,84.86765119405374,1
2025-05-23,131.43559810763267,134.9758077931676,113.75988040836415,118.56860617931274,141179,144.81067622028561,143.67080906906375,48.99768001231629,-6.9418934728269335,201.1461297449159,83.07315293102866,0
2025-05-26,150.85706911647029,152.6311197916114,132.30202345256603,139.5187775538287,73648,143.65000065287452,143.5079843037604,57.64669926280627,-5.941293709576172,199.825071288784,88.26868276480627,1
2025-05-27,190.7566473926093,193.1693648146213,170.8584909396806,172.4073975391024,91971,144.13050007499854,144.641294626715,42.820476309942656,-2.4660473582373754,202.69589362404594,88.30052740190348,1
2025-05-28,124.92922291488749,134.144798275542,121.45131793049774,128.03999318429464,68658,142.92386695860563,143.99026319760048,45.753575523625045,-3.25445301602511,202.6369288182653,88.65338621765939,0
2025-05-29,141.03829230356297,145.16496667167883,133.1134519255098,133.92828573266766,71253,143.51207569824524,143.59567584603448,53.80670589384042,-3.3653406299085304,199.82194233461462,87.8336711376431,1
2025-05-30,175.55511385430486,182.84051107526636,160.39034434022304,178.35848138831207,138664,144.77723774750055,144.95892312220224,41.28179809554991,0.13042218222747692,202.12038729687353,87.09028059342327,1
2025-06-02,122.87981654916224,132.9481619662594,108.9594041880864,114.5658667108683,153850,144.75515494278815,143.7670385570519,44.93444603602144,-2.221088149282309,198.09574294067465,84.72322704127413,0
2025-06-03,107.6979909828793,121.50588755546661,104.6200728560822,113.73861398155377,187924,144.1810437994449,142.58945327958142,46.90738554084883,-4.104119673467125,197.59425777619896,81.78926349757084,0
2025-06-04,128.9751452913768,129.76138808819877,112.65848279156445,127.71039207967641,183623,144.0843227019173,142.00596068350671,48.1436861284103,-4.418100880616777,196.96279232926102,84.38346821227984,1
2025-06-05,116.12212872540044,132.1103367035813,111.63331728866723,124.96134581137483,121947,144.32106680571474,141.33754441401135,63.102240179355455,-4.83304596311288,190.54803398151896,84.90273243371266,0
2025-06-06,192.9697652342573,205.52777302407546,188.49341293780483,197.57200778470204,111001,144.63990194127007,143.54281748737176,57.58864205468318,0.6892355793919478,197.32368900203863,81.28913669894011,1
2025-06-09,180.8120379564417,182.44721859541914,170.07254949857344,174.08607237031427,172775,145.52770273011544,144.7405921886636,56.918013945131804,3.134432987563997,200.61612662875135,80.63918511400564,0
2025-06-10,163.34037565104234,180.81194813317788,151.48157695420826,161.2486466675122,83243,146.1053443853833,145.38796687410866,55.32168314792519,3.9903977614061716,195.74049780658464,82.75802291758737,0
2025-06-11,187.14605901877178,205.56350702940804,175.54433486201555,195.6417790339334,125939,147.00281570965228,147.3587046058665,58.1342923137992,7.359162513602087,203.00641460275682,79.71891469299999,1
2025-06-12,180.36720768991145,181.58876688700872,178.53747094195634,181.57088434366744,107828,148.27940055191755,148.70035871323125,47.319647651568054,8.792178483607842,206.8696773224838,78.73945109074819,0
2025-06-13,118.65700588860358,124.19455885154765,101.10778863599597,116.38751793169547,188311,147.02600720108035,147.43318848650435,52.45682154507432,4.614903322017909,206.78570998260386,76.5026518753607,0
2025-06-16,189.25589984899779,205.379925444859,183.94389899722367,195.90055908401993,56710,148.62264508952612,149.33386968640693,53.881004829453154,7.632438562872011,211.42880186046943,82.58809562121753,1
2025-06-17,153.93422419156508,168.89941799923824,151.343925765909,164.17085512369212,87991,147.93234557288176,149.91571225257496,54.166132450141895,7.378480517556369,212.1732784940395,87.18279443749327,0
2025-06-18,180.74401551640625,184.4344359035338,162.9690539190267,172.9548700880332,188043,147.7753457100349,150.8192086382792,49.239886153213334,7.796144433423962,212.39837427971082,93.96755668046546,1
2025-06-19,189.60912999234932,193.79611645908352,170.49610002775427,171.8974175985712,135445,148.84094009483863,151.64580506809457,51.71163260069967,7.950173861985093,213.96118966286906,94.36164735584418,0
2025-06-20,131.80034749718638,139.20978955301402,114.55779515187737,128.41953310867657,130257,149.28583606609004,150.7349708736076,50.71002686281952,4.51193064742472,213.37185297378983,95.93607673785984,0
2025-06-23,111.00519245276767,120.6956521565881,94.81487095827012,119.59896141653087,87711,147.83317954516943,149.51395089489873,48.322840894726774,1.0630969893794884,214.10707181180766,93.20887628611223,0
2025-06-24,122.79351625419417,135.1586116848001,109.68867664141374,114.15363119617783,56530,146.93723152083783,148.12727169102732,52.25015174508892,-2.085481045064512,212.97799147572073,88.51257998790669,0
2025-06-25,142.71077886262563,150.0890516540211,131.69363145044284,144.38656135961313,61116,146.4853268415186,147.98057716822677,48.07239450497088,-2.116805804938167,212.96356296987506,90.1616653112842,1
2025-06-26,181.80147659224932,191.05217091491227,180.0617413940211,182.27008893760114,115794,146.73689396670147,149.3252639042807,52.12418600113809,0.9048229313528964,216.25751386505272,91.7018947365999,1
2025-06-27,186.07305832563435,201.02247708830947,177.90399406422037,190.29151729154827,181354,148.2540311085976,150.93178364495787,42.7705155673326,3.9017705229915123,218.05465666133955,91.09805553063673,1
2025-06-30,100.69521305311908,101.42887711093104,93.2414427128728,94.0329748021925,182970,147.33255610259218,148.7004578079867,45.364037510010455,-1.4734023661632136,220.3308644166305,86.76855858447817,0
2025-07-01,151.07473025775658,156.123469144637,145.87965458255007,150.4931709377324,54135,148.22645673172653,148.770760283663,46.56700100711543,-1.163981976584239,219.52635997259023,91.24851872413628,1
2025-07-02,141.74110031487788,156.00809203256892,127.27269804110618,149.0013492188071,187701,147.67926061090913,148.779802987002,50.639107827904716,-1.0272995637334077,219.35149497400528,93.55247943663431,0
2025-07-03,122.21078104707303,140.114917800817,112.29326634549761,121.96328014866867,159472,146.74047359844607,147.72817464040068,39.22737045184756,-3.0653880884483726,219.53101528730272,93.07315255706627,0
2025-07-04,111.98653673336828,122.22008557568161,110.36561241521532,118.24779060722841,175147,146.39422899584085,146.57208114890375,46.75284990298175,-4.923640222645389,214.60915942021416,90.06258670640743,0
2025-07-07,133.7615171403628,144.40378684566912,129.35785310136657,141.32614050831688,139087,147.20527053045973,146.36635798652782,52.81256598438794,-4.482417939976216,212.2818846546332,89.11386828578867,1
2025-07-08,194.2909703912519,196.43441061804742,180.62579511805998,195.2831927663274,83380,148.2433198294761,148.28466523279448,45.78051881393989,0.2186169965429201,217.01737380189974,87.78183374840364,1
2025-07-09,132.32029320207553,141.2685405385446,130.79767601226953,133.25458146354114,179951,148.40639039705607,147.69525018301985,52.047261701000465,-1.0488786642018795,211.07013406358172,87.49035372968243,0
2025-07-10,151.8790621743366,162.53140750343707,134.85492389336125,145.90658429249999,67071,147.91901605551934,147.6251064226073,54.94805502413116,-1.0207012078975026,207.3926468802537,87.60141090789372,1
2025-07-11,170.30189588951777,175.15130596221235,160.39896534923827,162.64745829276018,70074,147.9158064772161,148.21421826065253,53.049625529563656,0.34846140555714555,208.2012450443168,91.41880677993709,1
2025-07-14,136.3629602379294,141.74782485691702,126.75122869139643,141.63510297420717,117843,147.17885162081328,147.95621373961546,56.112054760804526,-0.2590031979804053,201.36808676575572,92.82541944751688,0
2025-07-15,197.17820827209607,204.7238915341885,185.3300525789057,203.30816006222076,89901,148.28315280079084,150.12687830128624,50.7200352393393,4.1878026290380035,208.4933795483749,89.61385715875059,1
2025-07-16,196.24472949421113,196.64615344976565,179.75111017570813,188.8737092579341,61205,149.89896699791018,151.6463618682136,44.03934359920588,6.472576900815483,211.03754345441467,88.66157716970088,0
2025-07-17,125.17822958253642,131.61981289419998,118.22204542449256,129.50341170429954,174661,148.81070949050684,150.77801088139347,55.98245689607767,3.452788540797741,208.63850472458074,86.82121531010769,0
2025-07-18,149.72485058923854,153.95381072916945,136.16452753805726,145.4319965264186,55906,148.4003211224906,150.56836325962976,47.35231915479678,2.3181658110292744,208.82519382055693,88.33577255590569,1
2025-07-21,130.08783098167697,136.63777802523526,118.77319170176115,129.91329205516945,183663,148.04536272454334,149.758360467298,46.79977020890426,0.16483920383433315,208.4665549948263,89.72584444550017,0
2025-07-22,128.48404943774676,130.8792920741318,123.14348403435834,123.83293353286166,175576,146.74569025813335,148.74167705810441,48.79059533014173,-2.009161401346745,207.89970337850696,91.26062629548788,0
2025-07-23,103.68869473545328,121.49924035025118,86.11609500835013,112.83993806922741,112987,145.93501515315617,147.3337657252073,53.704056130304416,-4.5664759136008115,208.5766894335328,87.42897791142347,0
2025-07-24,160.95643339798968,172.82828246907064,145.00791296585112,148.56094927112673,130685,145.8515762752004,147.38189057014532,52.25218496129051,-3.6684909379947896,204.7133271852537,87.92142619305511,1
2025-07-25,150.26790232288616,163.84994870577594,137.09886562971764,159.19706943304564,160454,146.2436139941739,147.84523091771004,39.502892844516204,-2.074669865124804,199.78749389704836,89.73781469541024,1
2025-07-28,105.14787512499893,120.93129989714569,88.1362405431141,113.78289809478423,155487,146.7469678991337,146.50945315994827,49.50672710764192,-4.4250895886905255,197.55641620959355,93.94388471212417,0
2025-07-29,127.86464642366114,137.8334904022423,110.5187624044651,129.87793104318132,104400,147.12894450749263,145.85723660634957,54.15517417528759,-4.932223899433268,196.94693768287252,92.4918392493901,1
2025-07-30,190.82658859666537,192.56499435841386,176.6593290623647,177.23448397196933,81852,148.61650839090004,147.08771689519742,44.41829402675813,-1.4956129531382487,200.3347467954037,91.92734361217516,1
2025-07-31,123.95618906669725,134.6983199030682,107.21592249942381,115.5466164418267,102756,147.88087357947256,145.85081099506522,45.80397783736371,-3.7070369668143712,200.68799728694978,90.93242674994485,0
2025-08-01,114.4894872091223,126.22630956953988,100.54005797573663,107.29843364395869,165357,147.65547012876547,144.33895305972771,42.522269668035776,-6.05536338913339,201.4999098724402,89.02557846812746,0
2025-08-04,148.9452760277563,163.8540655114429,135.3424605925503,145.6105275592876,169052,147.77730512887464,144.38881872637714,49.89850787754559,-4.769977870478073,201.68362286939987,89.27030417626486,1
2025-08-05,198.56504541106005,207.19823633565363,186.19281784675638,188.03379042004727,106481,148.08983298649355,146.10038624377597,49.53740628446641,-0.3243588128900683,200.0478328905901,90.18115392044665,1
2025-08-06,124.20552715115004,126.75713320706132,109.15119435999722,125.64721649456041,51283,148.0419774526989,145.29830115557144,52.646446969048185,-1.8143342938740261,200.1167459293564,89.35150438478229,0
2025-08-07,167.21355474058785,172.88907285656234,164.04145263472637,168.94128453855126,83691,148.74223742881654,146.22547697451182,54.19897171512578,0.49264002275461394,202.31923361239393,89.4524867263499,1
2025-08-08,176.16196153287177,183.42360746084447,158.5445463488932,166.14570434494095,182197,148.49798188794912,147.00666236158747,49.423459871240254,2.0714751554063753,202.73406518761982,89.3874797563421,0
2025-08-11,123.76375439923997,136.682099225872,106.32688384433533,118.37734329761439,76170,148.57421141968405,145.88394396692186,56.21094865084934,-0.5257338145866015,202.89259303161145,86.90317594469114,0
2025-08-12,172.82163486118594,184.23720095456417,172.23668920049477,177.60334854427273,58438,149.8515061109384,147.1278421856415,48.6665777135105,2.16998873645818,197.12296708780787,90.10232073669994,1
2025-08-13,136.77831327192533,143.90024778988226,120.26197826063007,134.4589889903499,70095,149.98647804915188,146.63102441327712,51.165758840112616,0.8155775657506013,190.0706624758719,91.71315332187751,0
2025-08-14,163.23058305935794,182.96088803521752,160.65318570988904,172.15680887823828,197226,150.93038731048918,147.6320355687658,55.8732047489212,2.7523683767286116,193.7974312718954,92.25172424324786,1
2025-08-15,163.35297107608946,175.4684674632272,156.65059399090663,173.95159581432267,189076,150.45797907108158,148.66417518623862,51.780676964607025,4.38160494004029,197.07626488814188,91.82485055579181,1
2025-08-18,153.57746840747586,158.32200424219576,138.7073032816437,148.45509338715598,59752,149.9453594914184,148.6559759000001,43.53037768097187,3.5742304875898583,197.57660584029662,93.17868973683568,0
2025-08-19,109.02897700544082,111.0646264578489,105.81377908447466,111.02344939058186,105426,148.9408555458798,147.18019054668957,56.51963000445126,-0.08505990636544425,198.3445285246305,91.12981863827383,0
2025-08-20,183.5302495589238,186.58743234261044,167.17090907654256,183.7026215779111,76819,148.70207239675935,148.61244274399237,51.09238032317309,2.8467127504236487,202.37593828878667,94.18467722498602,1
2025-08-21,132.0780064971736,136.99716106486375,115.43532293801874,119.93119289633681,142051,147.46927856781275,147.4876878480059,47.71937917228328,0.02406496276330472,202.40857877353625,91.28906110275744,0
2025-08-22,118.65185103998542,121.86547850517653,108.50249636476869,120.93802359800434,82994,147.56028868113893,146.44652454408424,41.88061313475422,-2.107368489689577,201.3337300186387,88.53800527415089,1
2025-08-25,104.0775141554764,107.8088546365025,103.94979672113972,104.39886138998192,196108,145.73025472725817,144.7975965772567,53.626106030837626,-5.072642755474192,202.09844256825872,86.83488905405065,0
2025-08-26,159.0892943188242,164.79119769270113,153.34853165532593,162.70233567194035,147756,145.70088433822312,145.49974320842077,49.19952271924606,-2.687066038021328,203.85978632399667,88.35598576118856,1
2025-08-27,167.75643618422822,171.22390809012333,155.41789781671338,161.43403350370335,190659,145.47046760653652,146.12461733764752,45.01173701990776,-0.8885777168219136,201.692797141977,88.94292989638166,0
2025-08-28,101.65878289278561,119.59409138531412,82.03505933223714,115.01092497561197,145665,144.33273775407733,144.90447253913635,53.25116908625059,-3.1726473452818595,201.72604653587845,88.85611135585876,0
2025-08-29,151.2093058299281,152.81398074316095,138.57303528959474,150.93498326401817,181717,144.78304675718417,145.14096315579837,44.86201752893449,-2.0602682181307728,201.02368228932204,93.92213056442112,1
2025-09-01,122.6495775197938,133.1398053111989,117.4535058985106,130.09549302904622,131835,144.9929773894345,144.55094471945515,53.70342330634852,-2.82767674730502,200.80810661256376,92.58620278815519,0
2025-09-02,164.51727904094497,172.7252155807382,151.83716497895273,168.33936070948528,172232,146.07669197970063,145.4838237778877,44.04389409007138,-0.3459056461124135,197.31465859575292,94.11020783390983,1
2025-09-03,117.43664290049915,137.08421523867128,106.63693530618204,115.91358634388992,199960,145.50723247938615,144.3242066236133,48.13387495494246,-2.579669198318271,197.7992532982027,92.65225011639306,0
2025-09-04,169.0937738102466,171.33455185360765,153.49686590722374,154.9402786652985,93732,144.9606362739401,144.74052317426762,49.21195632400351,-1.1871304947966053,196.1335674165625,92.91783541070791,1
2025-09-05,138.67353463005372,146.63064661096857,136.53392185351456,140.602701801216,96305,143.96685996413345,144.57825566944206,57.27588333854734,-1.226319915727288,193.8582224213083,92.63888015158967,0
2025-09-08,193.67299887367346,213.06240753918084,178.4524408236329,184.45811851164757,59346,145.77536283832256,146.14217185933248,43.802626402549535,2.2553890780022527,198.9230866835269,94.18209341077437,1
2025-09-09,113.75209441459933,131.06223693247892,102.92676284107712,122.4795411976838,50587,145.2150902435216,145.21422555887565,50.83212715533518,0.013361306414282126,195.07706748699542,92.51573187264694,0
2025-09-10,134.10663510502584,150.44807652401144,114.84679502784596,127.16838881806356,62763,144.77843103550674,144.50654568668693,49.46885368314863,-1.3693262976931635,195.09424240917104,91.76949693324276,1
2025-09-11,111.34735212405892,116.50540866495771,104.5099088032852,116.21284083274661,119615,144.66342224918827,143.39698863359126,58.53472832076184,-3.310970541361712,191.80419471441624,89.4651478234484,0
2025-09-12,192.4693618278563,195.8871135756576,179.81692396517732,190.11746678314023,170987,146.1008157727065,145.22916424729905,53.642369292101606,1.1010557884605703,195.27014135646237,87.61578827828396,1
2025-09-15,187.7339353380981,201.1067997365867,169.09337322789776,195.42379430663144,141353,147.18276884867282,147.19758111237093,46.61848321719245,4.968520712121659,202.7596169927997,84.8231827338942,1
2025-09-16,125.79416277151556,144.38168255406728,123.74396821170197,126.47897455106369,145648,145.80668448436754,146.3850867374177,55.60965845854954,2.442092843182678,202.11228565798916,87.01606658475292,0
2025-09-17,165.9984046034179,177.13366246369648,147.25383485868886,173.01067898201472,75556,146.601806434737,147.42922760975483,54.033527246618256,4.146798509096271,200.2296877361904,87.82947024696202,1
2025-09-18,181.7222200201216,193.1544738095196,167.96450557410532,191.20872989213785,109042,147.50784934672976,149.14607083651495,52.68096237951885,6.886833522125642,206.3413807984036,88.84553088432895,1
2025-09-19,155.52008115994624,161.11966303315194,154.1633399778428,157.55150003308609,68099,147.4059301815363,149.47569551089032,49.11649576026609,6.270194942185839,206.94371352317293,91.9045458030678,0
2025-09-22,152.96505783560065,168.35491649943938,146.9457864966643,159.92513445553928,159089,147.7717308111629,149.88547743028832,50.84805691966847,5.9049680891273795,205.79585744438506,98.60502918841135,1
2025-09-23,124.18522909004517,127.92610406119563,110.02178731713954,123.71518424146525,194302,146.1798712947478,148.8591914228835,44.76144560427569,2.6629855736240984,205.06050736398166,95.44166412576735,0
2025-09-24,109.31027678058992,115.78386150867479,107.96326475121448,109.33060715264608,83866,144.58900925264206,147.30905086326635,54.76161353800711,-1.0548642626859532,205.10626086831343,90.18556798632976,0
2025-09-25,189.72157579533268,198.23030456766102,178.07816659180722,188.205947506682,155400,145.76305996868967,148.9128507316356,50.59763627669534,2.3363616118966206,209.33511795437462,93.27621315337561,1
2025-09-26,190.04180571633304,200.19401329002216,183.1241445772739,189.929270121974,134246,146.65300544060082,150.5213377665508,53.57879191127572,5.104152786514277,213.79827482021764,92.71248497332815,1
2025-09-29,163.31014572732678,168.1583403756284,150.89183537197724,153.4192026400511,126975,147.12312365229843,150.6349795262959,50.78331569495936,4.3019991465711485,213.9765763093539,94.86655444529238,0
2025-09-30,133.90297910487007,136.19971559965416,132.9881384286198,134.16850358882058,131557,147.3298350534176,149.9892353718851,50.36603975133204,2.0888372633657184,212.54682024883,92.87922479374987,0
2025-10-01,134.92095746126608,147.13335831009874,117.49022133821856,119.51106244302214,187488,147.46325754089352,148.79401290408654,45.57787082687728,-0.8381804546323224,212.28086333928982,93.50492931320323,0
2025-10-02,172.59556788702395,178.36817895182907,153.125788503476,153.77734273691152,122516,147.5675854102092,148.98943760341302,47.54886229533888,-0.3883835953788264,212.2165530925852,93.45294596706916,1
2025-10-03,189.71102599525773,201.33579042370997,170.3334688895439,174.52393764650176,199130,147.87412277447834,149.99079054627924,58.643284469602925,1.6234463993355632,214.37747275243322,94.68414989174966,1
2025-10-06,188.70864242651174,191.79589673199578,173.71560579165325,191.12900721822598,82602,149.42104495694718,151.60405394517912,51.351163436531756,4.505786601493384,215.4826922053221,94.24601930951866,1
2025-10-07,177.98755458576238,187.61035662285872,175.38582978314975,182.1035683439112,179295,150.46555770296175,152.8001133333647,47.359793283029525,5.992704324304242,217.61655016361198,98.07456406585158,0
2025-10-08,164.20316461542876,174.85495326646048,149.0379006968483,173.97258220423743,137969,150.40031966760714,153.63040623026166,43.16369375619993,6.44074975041508,218.54793153834902,101.82360202973189,0
2025-10-09,108.41399649950489,109.45046723595343,107.92225817032886,108.58320534885635,182161,150.26105144574774,151.86384933295165,44.25336832751963,1.5021370473613729,219.46203055790605,100.14653946178586,0
2025-10-10,116.16287140946137,122.89495697333979,115.72040037888144,117.9575428727668,191559,150.47423363032388,150.53419025608164,58.058178611250554,-1.636454379589395,216.85474503176792,95.5378325968866,1
2025-10-13,189.85541885270794,192.54371239148742,183.38321446971713,188.01972595238612,50155,151.32241759818584,152.00421126377987,55.56370777639701,1.5121903535622607,215.55983223419514,96.09233855903487,1
2025-10-14,160.642905965959,161.91040537541434,150.87004215786567,155.72241083873115,173950,150.67619000655952,152.15002301181715,37.76675802232827,1.3854203165825538,215.4071396097939,99.16937481220282,0
2025-10-15,100.91970516166296,120.71890980946186,85.5115568055071,89.23173064436173,117494,149.94788028955557,149.68263899740714,40.47640831910156,-4.033789047742516,218.11448532842394,88.08413425980751,0
2025-10-16,110.14715428660321,116.59423118609767,96.4812467544731,109.37017644521256,126229,148.75645812768877,148.10175811300738,51.07278348852966,-6.627153539408056,214.22467680584396,83.790087437695,1
2025-10-17,166.3501769108056,182.5476658278983,157.43212278327064,162.8580390553736,154648,148.69070482189744,148.68043579702174,46.61907882066077,-4.316630656119969,214.67926681083844,83.86615133492921,1
2025-10-20,100.50615838462187,105.59897147989714,95.03362505898855,101.57978644070641,88547,148.35475368475926,146.83335150853878,49.840406734974536,-7.345493213618454,214.89128131332183,77.81960203096253,0
2025-10-21,116.08080514174986,129.71085958622845,96.13831513859564,117.96722021303205,78795,147.16203111813448,145.70134635969538,49.60321081751378,-8.32756468037769,215.05038164405698,77.08570529738404,1
2025-10-22,154.8733789366586,170.07793613445233,146.34975289193915,149.95702646439187,71447,147.47199186761532,145.8682357755658,48.61510549728504,-6.450199494050651,214.8843829557229,81.31434591689272,1
2025-10-23,169.18951976926934,181.10229458142624,160.16177928267584,161.44647208775942,137960,147.25778513180572,146.47914700349497,47.93034894067948,-3.9892858140779026,211.19403623114408,82.32874509957931,1
2025-10-24,165.19612595026007,174.62764972126323,161.9236495264267,171.84244486796104,113278,147.21560211287849,147.47378613543484,43.692721616264514,-1.1864492240651714,208.212861051147,83.50123775417512,1
2025-10-27,122.42693094605598,130.66374922900135,106.53073997105739,117.62710785468894,105077,146.59904240222917,146.30332816364088,48.582939629848624,-3.3018440309650714,207.5536456603636,80.58124366642228,0
2025-10-28,171.2179221347536,178.1952874656135,157.34427761912383,158.55705149191772,162782,147.54971444425587,146.78386633337723,53.39608065477224,-1.6565100535610782,208.90925104761953,81.664493069476,1
2025-10-29,123.72490874968001,142.31549163463654,119.30951649390481,142.1973862550638,152932,146.71960973779892,146.6040043695218,51.41091781314014,-1.6535976394060299,208.90740207331567,83.93497442498409,0
2025-10-30,132.53996981592678,149.15235797168137,130.89234890360993,131.94742247136185,190600,146.95993432929944,146.0292364519469,49.570148051749605,-2.4501323445153957,208.03712061624756,82.62226385549721,0
2025-10-31,174.64914051180241,193.94967872513266,161.03915447030815,183.91312822761506,159869,148.21943642189163,147.51487926667897,51.24136414417959,1.0991361644534834,209.55860464464476,82.03969888521138,1
2025-11-03,164.96328990472148,167.44923437443236,151.87306561909878,167.19501456006688,189251,149.47535948529332,148.2866492781844,61.51385307035364,2.533737624901562,205.61904616283724,83.585858101203,0
2025-11-04,184.9223410494178,199.5396905534907,179.4571505094536,184.2604945301069,98781,149.9065226624567,149.69738830767156,55.033099847235455,4.990187454772581,206.01293261158804,83.40766427107171,1
2025-11-05,165.76128923003432,184.52809836645508,146.74401798502612,152.11877956571067,103798,149.72021758369684,149.79234482759466,48.89724686524328,4.293876726545676,203.48638841542612,83.74882820338097,0
2025-11-06,156.83086033354715,160.45552165686036,153.80970249792915,154.61640485394844,148696,150.51232718126354,149.98152365215756,50.29821053715384,3.898641828830762,203.61702489682153,88.22151167249477,1
2025-11-07,109.36747678280925,110.6974021301448,100.72078076195722,103.74644207962034,100939,149.56855635757557,148.16838319833258,50.45778396464326,-0.5134468374601511,204.67916450785515,85.73826198214651,0
2025-11-10,136.77158030594336,151.59399329174454,117.89926190259138,121.30397336259425,79516,149.39272596424655,147.11487693026442,47.366439056329355,-2.5637594299299167,198.65615779825723,85.08969343276524,1
2025-11-11,126.52023676817254,138.00969903177077,118.12569042965009,131.8886325019516,191521,148.66371140009588,146.5177693056247,43.14597267790541,-3.2965527897802076,197.24060251038003,84.12187088696452,1
2025-11-12,124.39896433790835,141.2355398730738,111.62844538462664,113.47272453771869,100290,148.61489416397245,145.2218851970794,52.72991188900765,-5.302186367552963,194.72656739447976,89.06000539220045,0
2025-11-13,197.30105547524454,200.09650300777034,189.34916751598865,194.82409803415186,176688,149.41257055134952,147.1670700142195,54.61596112956923,-0.3235596738696813,201.678405958367,90.65355898720716,1
2025-11-14,139.30977246667604,155.21511870387383,133.82546841970264,155.1444655629515,136661,149.70340582658423,147.47990905534624,53.791786982807075,0.41543425850858284,200.9102974700496,90.65031012628229,0
2025-11-17,189.20465551771133,193.23720191866622,169.52510255851476,188.82604646525073,122954,149.7907643856563,149.10132620867586,52.41439742798371,3.676533573706223,204.34575652865988,95.93947707012649,1
2025-11-18,163.1138625997263,166.3869814570404,154.92718247342543,161.97747356636535,72746,150.58072303302993,149.60627316387937,54.45571906643409,4.047861597112899,204.5842088115522,100.10205012256748,0
2025-11-19,179.48113035416486,182.76644631278472,161.59914628058218,168.08170855772076,117990,151.39898942782304,150.33080004206923,46.525907155645015,4.779606154965677,205.9430233158155,100.55570382763707,1
2025-11-20,150.2637093105192,166.55520371514683,145.66461719269748,158.69816714174385,108810,152.248695954003,150.65893208519373,49.356214145859624,4.549897235143135,205.7298813393807,100.49401530947034,0
2025-11-21,157.6903884626359,170.9943328765599,153.42829438213423,162.68632502536477,168362,151.7000731188475,151.1305945534357,45.486977216362284,4.636218827307317,204.74256536579654,100.56571929879485,1
2025-11-24,149.2517693818864,159.71307787726877,148.62908772419615,153.3517917556249,196295,150.85863306782736,151.2177003260706,43.9373529312059,3.9063801691398226,203.8527104563628,105.0280425983222,0
2025-11-25,119.52429877980445,126.7009084622745,106.49096227228675,109.13261195267921,183669,150.51170581585967,149.56730470358465,53.76266060610759,-0.23740383700007328,205.30267672780676,98.63563237295435,0
2025-11-26,172.2452115261505,189.78922234241267,164.8746846516753,186.96401878905053,52659,150.7907726120004,151.03384251085782,52.06708467727172,2.7275203939911705,209.5345658518011,98.88040650235874,1
2025-11-27,128.07723624408558,135.9261383925383,110.79007124729284,122.09588838096624,136516,149.40851578177697,149.89902078027384,47.41162144749435,-0.1552817982588124,210.04280091089413,97.38701803422612,0
2025-11-28,102.43159664314538,118.76358543257692,92.96739850931424,97.98791720371759,124567,148.21724412518958,147.86329122825202,52.377136496523086,-4.335260911189465,209.05854564874585,89.77875219398464,0
2025-12-01,164.54722959071677,173.32992776212114,145.18336103242234,155.53452414236068,65037,148.12943191892603,148.16412389155042,50.5027472839846,-2.9701561195346926,207.9696621370784,89.70158666388153,1
2025-12-02,117.7110679407049,125.24995652920305,114.00055762664248,118.65926841025907,176498,148.0283136023019,147.00707073542134,50.3773801353283,-4.808397482257334,203.68514336067545,87.42598282829965,0
2025-12-03,194.04585843529145,203.29945414868357,176.67339507617925,198.70746796827876,62109,149.81585081861456,149.0345372935726,54.24100874116246,0.191792839124048,210.66951181559364,85.10048321363826,1
2025-12-04,195.39285770025873,201.42041518354156,179.86092064442389,195.67727587595564,72010,149.96527738600003,150.86366429680334,51.183886516518434,3.865410470002473,216.2363980204965,83.63968411093612,0
2025-12-05,191.48643902204486,206.4386266255699,176.06800212916383,199.43227217719257,58787,150.1553374271044,152.76831558623036,45.84489321373468,6.9990945242651605,220.79520913506443,88.6494560061254,1
2025-12-08,137.01587002554444,147.07027782739402,120.12020546320669,120.41749883782721,189544,149.49530335105993,151.4996561059008,42.931347345966515,3.071325530883229,220.84639758664594,88.50962010206723,0
2025-12-09,101.54566165288674,106.18991555582308,86.32518183402675,94.59197019512862,111709,148.7037726831861,149.26798214861563,52.97110481220944,-2.101143350310849,223.62521565397265,82.00113580405822,0
2025-12-10,192.83185625877252,210.8233477242639,180.30744982614422,194.9960988113048,84518,150.21347341055173,151.06124162558385,48.31472188828018,1.879743351472058,227.55171977224734,86.2269691131421,1
2025-12-11,142.81841483173145,150.49623925919568,140.1935172780837,140.3912499703762,103909,149.94575155522102,150.6428105802816,53.21186979599717,0.6213077447438593,222.84322967800622,85.49217440100566,0
2025-12-12,196.66548190436697,207.53653912664674,196.01495831454193,199.0084171951501,68351,150.435441146194,152.53950103576665,57.17400983689579,4.304286831537155,227.90932534814175,84.81247389408999,1
2025-12-15,196.3619977089253,214.49143992821624,177.94504075261156,205.73089611758297,65282,150.72747892418113,154.62543809779865,49.15223640274857,7.677026180170003,230.74125925900205,83.67102494846296,1
2025-12-16,185.300945546736,197.78570546501584,172.96793925632122,176.37069587804643,55075,150.61282147486384,155.47819330486718,50.097691624586915,7.889874070330478,231.93770864348727,83.91389779514581,0
2025-12-17,129.44488920695858,131.78285002112585,113.51414338743506,123.2935671369849,78365,149.59924117351878,154.2160511022051,53.08107779735887,3.7326491950116747,231.10148701375354,80.27130528280597,0
2025-12-18,138.50977286019253,157.30641533246202,128.87932582994154,134.9968887068855,61002,150.12751484067937,153.4623584592514,52.31929548554693,1.3666251678449726,230.46007184684788,78.54259260622574,1
2025-12-19,185.1136671516857,197.66782821311403,182.7675033724378,182.94810685195245,63947,151.42732612026307,154.61866231778868,51.05247419269907,3.3224969624878327,232.4667865996463,78.56205603608616,1
2025-12-22,131.69220051562777,138.3903128087695,129.18848467157676,131.4079790308481,144840,150.29509118183233,153.708439443791,42.619109556747276,0.7055487479178169,232.12150547964302,76.71295588361168,0
2025-12-23,116.94927466860925,119.734716121877,103.23796892402981,119.33671155579486,166219,149.5673771961736,152.36052854622253,47.51067328118853,-2.315757358349771,231.50560071688767,78.34927060667859,0
2025-12-24,155.68012624583503,171.56063003124095,147.07400834784576,166.70094437172574,128610,151.1167614707209,152.92289779428148,50.47991149652873,-0.8781437712959814,229.23362483273587,78.59493904909795,1
2025-12-25,193.61547741607808,206.01693253464836,189.60498288207134,205.35350645645696,102142,153.03642807094576,154.97900009475896,54.303163515934855,3.341594262599898,235.17417393633275,80.98015175305017,1
2025-12-26,169.6029796674973,180.27220150702374,159.77108873266855,169.77263950462813,106307,153.17472007993084,155.55914281671463,55.64984104168521,3.7712162216305103,233.48806807123623,89.84472984823772,0
2025-12-29,157.00611700893649,174.88396866995564,155.7219382674338,157.8247066427493,185565,154.29961848397173,155.64798845695128,41.87394483666997,3.111726346172702,233.56870824402137,89.99310792549142,0
2025-12-30,109.71764937707685,125.48959360156746,98.07822133878888,113.09854287596869,100085,154.20224493723043,153.97938274789317,51.970377928479714,-1.0083283735009445,234.0331123052774,88.9726313108064,0
2025-12-31,161.50072266991697,164.53422026457199,156.120854581215,159.943697255097,84228,154.40197835304457,154.21327743445016,50.28978479547391,-0.48786515925780805,229.94879861568637,89.18056792907925,1
2026-01-01,199.00538501042632,205.2398263663373,183.05420299768255,201.78679122399973,93472,155.20878473576937,156.0789054261972,41.439040530870315,3.263375512204192,230.96366053652693,88.77665754304311,1
2026-01-02,114.0084015236524,118.9781843199417,107.80116234518093,108.89743350594767,99437,153.9498845085291,154.2286516254031,48.11490166765577,-1.244784982104136,227.35377950140918,83.3330547110363,0
2026-01-05,151.83296523637367,166.7118910878272,142.72856225473765,154.4382099937725,109711,154.68610655131076,154.23686960063327,55.72625127195244,-1.1297515187060583,227.1634756583948,86.9254296696453,1
2026-01-06,187.73730719279553,188.40795588751112,187.5048963946335,187.640399265679,187888,155.267773506786,155.546811940439,53.725697719334086,1.621856766543715,226.51583894519388,96.87790928990124,1
2026-01-07,174.07686177542044,185.47465547284676,172.62792401952927,176.79894846164282,127175,155.95980475091758,156.3802290589176,49.60552110116397,2.89434744706935,224.1320100491432,97.4420231509857,0
2026-01-08,169.7015740995268,184.95074781434062,161.8517029713931,178.8839471672386,114307,156.8985352448351,157.2627278082635,54.49533460577033,4.0246537465364725,225.78591201917823,99.63739090063694,1
2026-01-09,170.24840839871092,187.7837211339459,160.64963170436846,173.56595019676072,96733,156.69159168421803,157.90206986271437,51.170921498985166,4.440128681561902,222.42307339903473,100.45598282094144,0
2026-01-12,135.94911512197552,142.79075009629366,123.94870415958945,131.031208495375,178202,155.96831556292418,156.84831059340695,46.20605166558575,1.321958666652904,216.37248393180593,99.03660352594946,0
2026-01-13,129.35918442644933,145.78433051988958,123.52593285226327,132.30634273112045,145028,154.92923252694445,155.88588048116043,46.61593476619508,-1.0343969748448103,214.52623473560743,96.47641740745541,1
2026-01-14,180.93611554785136,183.1487502869555,167.0364778253205,174.43920933949548,192312,155.37564112242012,156.6134620050167,52.38141784284096,0.49226983860819473,215.62179836533656,100.49541799797728,1
2026-01-15,181.01133946791808,197.94038530260843,163.808891524134,190.602678806108,142493,156.09536660146333,157.94637246780457,53.43758880968006,2.9721599793782616,219.0795916125556,102.59820376068053,1
2026-01-16,186.70723185801037,189.25700510465003,171.11021208014338,187.29868829067323,175149,157.7664115256844,159.09744367654451,60.843086436794614,4.617656886392723,219.6760831503377,102.4367703667705,0
2026-01-19,191.32405525564712,199.26980106685448,190.53167874867998,198.8795100941462,58259,159.3179222603154,160.6575247125289,50.21900713233556,6.778067235055573,223.62849076346413,105.2315158599739,1
2026-01-20,151.13423988609378,167.08014720168484,141.52410094093722,161.6342402828165,178775,159.91283441593274,160.69582728391273,42.6806931211359,5.4223208596277175,221.85481344506186,111.23494605107831,0
2026-01-21,150.15162946871996,153.14997801569544,148.05302590035646,149.6606397448318,64849,160.636592720075,160.26307483139973,62.30078649741708,3.3431745583606585,221.51529208216309,109.8704369512877,0
2026-01-22,179.82951789667752,184.41454580133035,174.98861757942697,181.4749259259993,131768,160.36960927791196,161.09491212922717,51.06776999875832,4.21400670078458,217.71009153164118,111.28777944876384,1
2026-01-23,164.99639307777653,179.44144444563784,145.2631412124336,160.21967348219627,156108,160.47111343629683,161.06058904502987,46.80771729894067,3.1526840339383284,217.20461664251656,110.8379577356453,0
2026-01-26,170.19668772577035,184.59741845669183,167.3467768677401,171.7400084918919,139709,160.12939267682967,161.4793898076519,52.345867130309784,3.2042364862260797,217.9231368022726,111.51096776080352,1
2026-01-27,179.5792669436101,192.40221960131603,169.60150387458296,188.77397771976248,104869,160.66532275989758,162.54976580420526,49.765752108627154,4.566946220740618,216.78646942030366,120.21517862715181,1
2026-01-28,189.00053418175662,202.8795030710986,176.63741949539423,177.64580695637275,176888,160.85660472787066,163.14176741801575,44.67418106253135,4.694834000608495,217.6601024639324,121.11175655365071,0
2026-01-29,133.79951568515358,144.6540045521055,119.75021627427151,142.2075060034099,113095,160.52679150510394,162.32081598999198,50.54250785561614,1.9145416267574262,213.60363380072928,119.21029669479478,0
2026-01-30,137.5582952639944,142.59427644213346,126.36532159425613,133.85461853096385,167886,159.95015737521595,161.20449452101047,46.67219340494986,-0.9518954631131464,209.4611755986341,125.8484733993916,0
2026-02-02,109.3981939840869,116.31211385416529,109.20277703570324,113.73285695555474,120910,159.15777867921454,159.34286167530632,47.076683454985016,-4.791986465886367,213.6370221120551,117.60209158214884,0
2026-02-03,157.8280140996174,161.45996843564592,151.29878793473756,157.9986021522524,73567,160.135098483206,159.29014561557872,38.195834686830906,-4.21482468352616,211.1115813693877,117.16335261347352,1
2026-02-04,103.59422737967421,121.76323860634677,93.23999451197997,118.77165632335064,85292,158.771251233892,157.7011852511776,44.941099457686484,-6.843815265651756,211.93766591376567,110.53453885526638,0
2026-02-05,146.55980181324603,158.22763770856844,144.80247183034936,153.34986792307714,124813,159.39633082473424,157.530545355958,43.51841791707947,-6.06719767086426,210.0723810743291,109.8464157702868,1
2026-02-06,154.26446347075768,162.2814918060305,147.25192484657407,156.47908076738452,147136,160.56615409600758,157.48931145052376,44.80840234773378,-5.139970921888107,208.82236888573965,109.38774101593862,1
2026-02-09,128.65412521282843,137.89424128571108,127.99006303700111,128.65019672735443,101631,160.02846754770744,156.35836577510534,52.67784681856235,-6.574904008682552,208.99690374718278,108.97510497769343,0
2026-02-10,159.08332605690106,178.02899284913735,157.51175611380063,168.148056225548,59885,161.01824330401323,156.82070657708348,38.9917889817329,-4.4733852533672405,209.31041285360263,112.24576722071632,1
2026-02-11,103.05002499390494,106.11705305622654,95.11155946987301,96.76424344523409,116314,158.97937881355233,154.4655511601482,43.58716187789945,-8.47035265827779,212.70900036953122,101.07968311536159,0
2026-02-12,103.73481887492144,115.45941551525739,101.08050379406023,111.68399885473619,115087,157.29951327312793,152.78784322660263,51.16280887000246,-10.315171673238552,209.87657443541056,96.02024105434506,1
2026-02-13,182.26005606596584,192.37782964365516,170.90923910073468,181.90592178577023,145998,156.9489862652995,153.9297286602955,44.714474165292046,-6.0412420446126305,208.96940343979995,96.38813539946543,1
2026-02-16,136.01906414112628,148.24814884981924,122.22976475838097,139.92819238749,99812,157.33920013629276,153.38064880646,41.86727195282707,-5.972526395328515,201.8551941824606,97.6072128861391,0
2026-02-17,112.70605126518848,113.06825494160529,96.69431728300682,97.37666675952323,108643,157.39489406758065,151.18441421638403,50.7667833036471,-9.245050066122332,203.26928191843547,89.76736779783494,0
2026-02-18,152.22432600548044,169.66680418436346,148.22132112058424,150.0397268646382,94900,156.49576662864732,151.1395245163156,55.126954569908555,-7.502594585383235,203.2929082850583,89.7816501431927,1
2026-02-19,176.99935530986107,195.64172095953333,173.6497036646797,189.40310000366236,188923,157.47600362931303,152.6400568883684,50.569243277404915,-2.9118251169004736,204.8163340499411,89.05104178607624,1
2026-02-20,121.58210274968431,132.8847664214685,119.4907459429963,120.4562450155396,66288,155.90496018572082,151.37794661884573,49.43370716584736,-4.781919234755378,203.63270597538025,86.25832701397138,0
2026-02-23,162.28904758190004,176.22206405943788,149.5604425910273,151.4602624937822,122692,154.8195475132448,151.38117469237267,47.98462606867852,-3.719342927291791,201.35666251971443,86.50639586982626,1
2026-02-24,108.5347464993768,126.9847341229227,94.40523196963878,94.79972006462678,188440,153.18812799697642,149.16229411873556,47.03094600376217,-7.364383758501759,196.58739145404462,81.87824116998245,0
2026-02-25,105.16817211686077,119.31294480312874,104.53644922034793,118.67018790724387,135436,153.0956604123816,147.96652524769667,49.50965430994475,-8.232063513360629,191.34134001521156,81.22673070390263,1
2026-02-26,153.1354631568148,156.18624401510004,134.411218231941,150.4704817744562,96403,153.40513227373302,148.0647196212951,52.434095787018364,-6.28128132034297,192.06478097955653,81.32958731666236,1
2026-02-27,154.06351216101064,165.5892793643469,153.02408648798118,157.46275856965747,141170,152.8954253080871,148.4332701682897,49.24069708193638,-4.12352069747439,193.99161583041803,81.76356646967018,1
2026-03-02,163.74299014982066,175.87729107747776,152.91706344379924,159.72558789164898,59168,153.46177748530312,148.87610615744106,57.10293992412116,-2.2054652128746284,195.89328055708367,84.46117483661399,1
2026-03-03,172.60913337226617,181.0917467983139,158.42792298324784,166.35353536976734,99879,154.40211396158256,149.5614955383166,59.090234324569025,-0.14885652767875968,196.99473274745606,84.19521596799308,1
2026-03-04,197.58520794625346,212.3140926587479,180.16582547133174,205.0695941694198,109871,155.16948695753646,151.73828371992846,47.67521373302232,4.55260347497034,207.17886874266293,82.64087375739314,1
2026-03-05,151.63003483011954,170.31737512549984,137.348296187471,159.15307607114386,82174,154.2454783498302,152.02905989056435,48.21549660333877,4.52134586835183,207.68832059813332,82.71174271672943,0
2026-03-06,132.2956472941246,150.8070175522601,116.26108563272875,122.65883911207725,187653,153.3032023419792,150.8772865267021,57.90309392534354,1.534109799555921,206.54022769331806,80.47781145601397,0
2026-03-09,179.51861947687036,188.535406904953,172.72961562601424,175.48155144001953,160155,153.65633923792458,151.8421596605577,46.28958977037691,3.3899775689727107,210.02671350511605,81.67446111548246,1
2026-03-10,127.08322512620742,129.34798604302253,110.78672285127718,112.61307040253033,121853,153.6466297884558,150.30376400338017,46.75225953134253,-0.20977668383636683,207.98929842918207,78.15837760911464,0
2026-03-11,143.8971420705636,163.5939660498103,142.2948451428701,156.35871260497032,114046,153.57493009545328,150.5412129681484,49.5827639665457,0.4619745095572796,207.3911348449731,84.71598810929729,1
2026-03-12,107.84563813422659,124.62359986314527,89.94930501301604,116.45338807827075,99678,151.8682620325387,149.20443552148652,44.009077895941395,-2.2003200961480047,207.10179665908086,85.48226521754296,0
2026-03-13,102.53507434154575,105.02832796561108,91.58322681847102,95.14680285598891,76649,151.59324941953952,147.08452835813367,58.60487005090376,-5.960759191328208,204.4222715852135,79.48587839843216,0
2026-03-16,196.2648414677925,214.68167912013996,179.91888606854263,180.64699141433402,177795,152.11742504795077,148.40070337994547,56.06146133284516,-2.0185154157600493,208.79083622286697,79.18919366346314,1
2026-03-17,183.59801205122056,200.99593929246313,174.55164636085456,176.72461800627994,138668,151.89910942276276,149.5114451299978,53.19812643066843,0.7802442552336117,210.41563555090002,85.49918946010573,0
2026-03-18,169.5974206093698,179.97418175189125,156.7258667054393,179.22698171638655,195639,151.94767008785763,150.67676029024835,47.8868298246061,3.1637317663028455,213.42458045750567,85.40897003867497,1
2026-03-19,140.89529444142698,152.72080315632556,130.3672412227047,136.97148435401104,139906,151.1094208315931,150.1392984888273,46.03230915684776,1.6242736817795276,208.14710643975934,85.4432824914561,0
2026-03-20,117.32943200708458,125.30948608448718,102.69764157197794,120.09119578631672,146019,150.0399257433842,148.96094152010141,44.907764287613794,-0.9469404147061482,208.16205568556404,85.39182832272917,0
2026-03-23,115.6437042671086,116.73893704354923,114.01110462649682,115.71508215936913,128002,149.73360321666408,147.65718232948447,41.670837605381244,-3.299724735017463,207.8640734117324,82.11529256311954,0
2026-03-24,125.02428981645953,131.72823464937755,123.81724813664826,126.838767474619,78803,149.62425171153407,146.8407739038035,49.462145282355024,-4.218111060711323,205.59519625162375,87.58807446422738,1
2026-03-25,154.92266647061206,170.9797354425723,149.98060179040914,154.29985609980113,199302,149.22146464674017,147.1332869310975,55.36181659387529,-2.698946712614088,205.96164415538132,90.78459337972552,1
2026-03-26,171.45959227000623,171.5522327300983,168.26869866774246,168.66727510647624,198934,148.78275657274756,147.97775705562216,48.41768673319816,-0.33184211214657466,207.58160769752453,90.98430917078427,1
2026-03-27,166.01973767177313,172.68972110559602,148.5840663399291,163.40935662388216,80795,148.30496993941173,148.58291782300492,52.94704727439491,1.1070736031369677,208.11477173600744,91.04580493772389,0
2026-03-30,127.99338969459428,135.95676356641314,123.6091099474334,133.17401955230955,58770,146.990860128575,147.97864730258547,55.32128871243232,-0.19012272368243543,207.02228056506522,89.48313927473214,0
2026-03-31,195.4865280663194,206.23444012507787,175.96922294993678,195.4571250233562,61093,147.6673178233858,149.84054838967452,59.3311766475493,3.7641748666557646,211.71656882458112,87.69920998057515,1
2026-04-01,173.78969166957685,192.18680399783207,167.0517758341547,180.3809348886305,181265,148.28172372626176,151.03821060531985,58.16999363391082,5.616715647578985,206.70991347224304,90.23699940483431,0
2026-04-02,155.43540525114008,162.3623251384593,151.79304693736609,152.23644108869127,150311,147.6969540295156,151.0852000360403,47.62543045287565,4.758983527252099,206.17890364216873,90.0763457366633,0
2026-04-03,161.1720746234352,168.11113866135977,145.37810448058562,167.39479296533491,67569,147.84045641917837,151.72479191562047,45.601763611434265,5.241951006873535,207.727103537704,93.00174122645382,1
2026-04-06,141.960006242779,156.71003120497397,128.78585073276147,151.08928996624113,61190,147.42744204866537,151.6998702705468,40.794029287910625,4.259883111984038,205.28312119004642,93.00649742673352,0
2026-04-07,124.77309895011575,133.8174577679119,114.80918462105298,120.37522587808446,112824,146.0594670118318,150.47145284339143,50.47263632584097,0.9917862515540037,204.70686444248622,94.35896972184918,0
2026-04-08,135.59726786512616,140.0893643239258,124.48999684637353,139.77691413114016,92070,145.30208915532714,150.05205916840117,58.77811736562492,-0.032277881035469136,203.94420431865856,93.46344999829378,1
2026-04-09,175.7846110464369,184.83340136909078,161.40057548099162,175.50436197619192,90197,145.9680262747828,151.05018869027532,48.11419197729181,2.015813329002924,205.94303893689022,97.3697127698543,1
2026-04-10,101.43934886297559,104.25648927057159,96.87025403634962,101.1721647956092,52261,145.31437720007568,149.0941877532296,47.69781792364563,-2.3321630003753455,204.97592674131053,98.93936115939599,0
2026-04-13,111.60726405069163,115.13500378081609,91.68058572955678,109.22620681283175,187788,145.22424419722122,147.5307375202728,43.62750911169788,-5.069632123153923,202.86945110093816,93.90375833961818,1
2026-04-14,104.60026420217528,114.56761965696488,85.10440095923963,109.02175175794544,136795,144.2447071893351,146.0205812158678,40.783062237062424,-7.1729091083628305,200.47487345191576,89.5280493638071,0
2026-04-15,104.07288023189702,112.45138922198798,91.06636650495828,105.1051764359865,78933,143.97137759158784,144.41605553822538,52.506911440062034,-9.051466497291159,197.0444283864934,85.54631390118942,0
2026-04-16,185.5460584011007,203.8429764224627,181.5552093825178,184.41017753633554,185450,144.59258378385297,145.98445247932776,53.743833095171226,-4.093795229930322,202.58824591785353,84.74636568806173,1
2026-04-17,170.36578593800238,177.61366392033503,156.76122108937653,163.81492491969772,90583,144.73930066689923,146.68368669267562,44.702135132832375,-1.8058530470867709,204.33420791548238,87.37277660377097,0
2026-04-20,147.41738290873252,159.02914991429338,145.973414729149,158.0902289669107,162082,145.32810131169038,147.13100207597898,41.10456520617203,-0.44939713314860796,204.90545755962498,91.03904164038252,0
2026-04-21,109.78341606510014,122.42870182349074,109.17036602098402,112.14839522929532,135371,144.20810809176533,145.75913514081492,49.20193634897675,-3.046401064167526,205.6780512867959,88.79741068867935,0
2026-04-22,149.16158751168325,149.42347664344993,144.00792974145898,146.02341771442542,161032,145.19329157714913,145.76949916330946,47.39714357232317,-2.3440929365034435,205.1708088609639,88.47700927597376,1
2026-04-23,147.34717707805657,160.6179245183908,138.09471794327024,147.82647483415656,92604,145.91614109673753,145.8501648758917,44.734818286396525,-1.6233045997338706,203.22359045658598,88.34014765311971,1
2026-04-24,117.32018699100152,120.88090632839655,99.95473688283391,109.14980015240572,145074,144.46101866407025,144.4109348867354,53.574290945581346,-4.125403973176759,202.1082966790526,84.02948578350541,0
2026-04-27,143.3851649237973,162.6065712731864,128.84178352847115,149.5375584317332,123869,144.65320598495512,144.61197894732354,50.256389747594525,-2.8169096141537295,202.80251343601148,84.97162291448885,1
2026-04-28,139.85047343973736,142.8237279947996,124.99634301573774,141.80891903966392,55410,145.54185103055795,144.50205502937612,47.55424499339207,-2.3761640750938966,194.886630678958,87.52268507317312,0
2026-04-29,161.58500980522166,169.87749227976212,153.07514311626016,157.11934610158008,133375,145.68344341529678,144.99685075769787,59.34743956222948,-0.7824272167591744,191.09320146190507,88.98995541152098,1
2026-04-30,163.50936508676438,165.21635844833725,156.59066523582513,157.63869883269484,146055,145.04815539187743,145.49260950573697,49.03840784197556,0.5165734139539211,191.69110306348975,88.93227958433667,1
2026-05-01,104.53040097720445,124.4678860141234,97.1096257175124,102.51207477999985,187868,144.68927198716662,143.8070983400218,54.49564687720484,-2.8691433771719232,189.4308350880566,84.70427574123636,0
2026-05-04,137.46126146264712,147.50516166927196,117.70827018792596,144.1358751915652,136716,144.5427842411223,143.81999154988625,57.865559061445005,-2.1686565752548006,188.78264362988415,84.65712572194121,1
2026-05-05,162.58599157142365,174.49369191782452,161.783807743174,169.9919883707586,104245,146.0466296072449,144.84634436639107,43.68285342447558,0.46746782886381766,192.69310393846814,85.7083416626246,1
2026-05-06,150.31362585800878,151.65515540577732,132.9729959355598,138.31435216574366,93056,146.4395128924149,144.59018780950294,53.97596478856132,0.000489270677917375,192.62065808170712,85.63453132284599,0
2026-05-07,185.64898411883223,200.6481935268158,174.07547594738438,195.757403516399,198781,147.34525132725378,146.59674528820474,51.201908624310946,4.216968977898773,197.18191014100861,83.09858341756521,1
2026-05-08,165.8693631618945,170.06747502380622,157.0970547781027,168.26938561797658,108557,147.56138386822016,147.44665275211736,52.05551621202731,5.279645736925289,198.75136089223759,88.23885474857298,0
2026-05-11,116.29344270814298,134.25452849695725,101.78828949984025,129.27142633424526,67543,146.95230063707209,146.7338987749459,45.52277325528248,2.94111202137006,197.83012586649727,91.16461172645462,0
2026-05-12,107.05687474004299,111.15966754968314,97.32349591154893,110.03792115382151,146038,145.82598835275317,145.29484082901948,50.48795759607065,-0.45888616927103953,197.74038412886506,91.35597040367445,0
2026-05-13,164.24192782063156,168.0556822339049,146.77346305899835,152.14171173522985,197796,144.76743070406937,145.5633455704395,48.86620691381558,0.24123399748171437,196.8072681484726,96.99273991399127,1
2026-05-14,102.65113105416218,103.38212441112408,84.63709377393701,98.79037786064681,53828,143.56017673985943,143.7291115426045,50.92828032245226,-3.4689347735190097,193.6545575224318,91.58347057246317,0
2026-05-15,158.57755812734632,168.0188970295463,150.14313958987722,158.3756319345369,166656,144.27451259630863,144.30348489130773,55.93553116087605,-1.5829904967731352,192.96325626519115,91.73084253118778,1
2026-05-18,194.02302414249576,205.3198468077481,188.48646819779472,202.66014862762597,67087,144.81808454006074,146.59198150841826,49.83190167411606,3.445308949092123,201.62584680099906,87.5252439614514,1
2026-05-19,157.5474177875879,158.86159057615495,145.70041121572066,155.2882076802489,193677,145.67158728561512,146.93300998574497,49.01766182850032,3.5666387647331987,201.84999743232072,91.61507457522505,0
2026-05-20,138.8169926206522,154.32754495455242,120.56972570831837,146.78089826145606,81337,145.48003099874484,146.9270448200866,56.38185637292172,2.9424065154914842,201.88686078840004,91.65395927384878,0
2026-05-21,164.32882184423534,173.3945985391959,160.115578064122,168.82876454165105,186554,146.52753852801243,147.78593578955972,49.3424391838228,4.178608114471643,203.81499953825957,91.82604949473867,1
2026-05-22,145.82528904915165,156.31309443570325,133.36595737788198,137.43743966890392,115333,147.37335126427075,147.3801124122791,48.36164212074338,2.595371393174588,202.47801300379263,95.99179998085549,0
2026-05-25,154.5616789315935,163.37693387035804,141.9304745297431,153.61937218540692,186535,146.8327988796922,147.62478926612727,56.150899641615894,2.616233292128129,202.71826882480696,96.15972553520857,1
2026-05-26,194.14648087765252,202.16174209515904,179.4842204293469,201.81408978108354,120448,147.33458831518826,149.74985987455693,45.42431371303288,6.447356316979011,210.45673937050606,94.42177206365142,1
2026-05-27,138.61026378007742,149.80307040624177,135.97891007753222,148.93751299900745,54648,146.72879894084068,149.7180031343393,51.37956989682149,5.157399783269426,210.02407804649116,94.03625007740905,0
2026-05-28,196.11905638239142,199.22386130100568,181.80255708874964,182.55469987404894,180576,147.64046325124144,151.00571673197499,54.80879583818496,6.769689203776409,212.82673511135994,93.72519311667565,1
2026-05-29,190.53506419560637,194.1736268055118,172.35441378229353,175.9505433560766,83623,148.75765020263663,151.9839452270378,50.830375270471464,7.428904164805175,212.2221352830772,101.67363980256606,0
2026-06-01,119.57911347892964,136.8148258992,115.9854513015248,118.72927926910216,85634,148.8179341448313,150.67984067966776,46.59973848724343,3.296064002948782,213.30913042132457,98.0459850720724,0
2026-06-02,106.93613008751655,125.8584393301892,102.185263589039,119.3715135826653,164598,148.66858906699224,149.452063146452,51.59138129320737,0.07175420311244807,212.55014119508562,93.74292681950206,1
2026-06-03,110.07780013774267,117.54398646333773,90.64989825690988,112.64348905200526,99334,147.83546172603633,148.0085896525521,42.497824087948246,-2.9919406647676396,213.67646063167834,90.04952107153545,0
2026-06-04,101.82218256515498,107.23707602802605,98.20264351096517,100.1315975415244,118648,146.46474817473728,146.13106055015885,36.45750721338406,-6.35627481947256,209.3907804384486,84.77262066727775,0
2026-06-05,109.44429607559285,122.32428694037316,92.35659420820126,107.51583227832337,72054,145.3468776878261,144.61673787283198,52.47522949198528,-8.330657214445722,207.9081748329699,80.17987093879113,1
2026-06-08,168.3006773416357,176.47536076359762,158.45512021267498,173.60479100932585,120028,146.15549311696643,145.75352427034153,45.2659410214539,-4.510548055732812,211.03695234260255,81.48442989666653,1
2026-06-09,107.1188648460229,107.6265919592298,102.17424335795936,106.16973283557444,72207,144.36974527321078,144.2012187238801,44.93232705857281,-6.845617622673132,211.3202740750653,80.81428933237908,0
2026-06-10,131.89756302937613,135.02061497669993,114.4825650039259,125.61905982741482,131554,143.2745077719865,143.4725066102932,55.65352260756722,-7.045562080355097,210.5500196321574,78.93227858450545,1
2026-06-11,184.48753109694547,198.80697567389342,175.58142599689216,189.29257560834535,133276,144.01563046237956,145.2693720611972,45.295655039389835,-2.0425536349848983,214.21183811396767,84.32067987746504,1
2026-06-12,102.32719357358259,115.50567241178561,92.0308464949888,103.96452183681609,102781,142.7470250398092,143.64957401318225,47.71325304228784,-4.906337021270019,214.37893155782322,78.71247542383739,0
2026-06-15,181.44684825889357,181.98876810896323,174.26218087089825,176.56121493756424,111035,143.25646353923565,144.94022659845214,47.873724025987144,-1.302940087715541,209.43526337545723,81.04625023719721,1
2026-06-16,128.18547747734,132.62492071599897,116.32646044864144,125.53544894943728,58210,143.3596680006627,144.17925492594176,43.50941087372469,-2.5353490067731173,208.34499754443627,79.16124019513703,0
2026-06-17,111.81648276216562,116.43797869392705,108.54600531046516,113.98266977850258,94363,142.84378311360996,142.99507511623827,50.37987917735013,-4.393607905633274,208.03317847494122,76.19323641633672,0
2026-06-18,169.67371653641507,183.11157140838964,161.85208580337985,180.41848176164785,128279,142.94206550931906,144.46265969056805,53.3650655081968,-0.499716253314034,209.79467261638507,75.59071399689257,1
2026-06-19,162.8942846779884,163.28849543307567,143.50603823128264,156.09344470924805,184393,144.04049110759183,144.91876890698688,55.85869430306095,0.6162895356712852,210.9382269294264,76.31276018788569,0
2026-06-22,187.7472013527053,189.82937299239677,182.58453269868275,188.09873667866657,131348,145.61794170490853,146.61210097646452,54.34519778192393,4.036758507101496,215.4483689984268,75.25055456821119,1
2026-06-23,173.50710438038857,189.50542608785236,160.37237108956273,165.03574683436045,163816,146.73822160643687,147.33459689246044,56.48889326138343,4.8308275027548575,209.1611076980858,77.85998157387992,0
2026-06-24,180.34809303848488,183.91898627957156,173.84429175399097,178.49434231476883,173053,148.2060049240125,148.5565476933353,50.414267688378246,6.4715293182679545,212.45879575740383,77.51797644613801,1
2026-06-25,128.20345725713065,141.25837941416813,112.73399474339864,113.00017345694803,116262,146.77780484242473,147.16218007622209,45.276886423525106,2.4586237740344643,207.99111684001622,75.03020272181556,0
2026-06-26,117.74395437797229,122.50760999890682,115.12648116360529,116.94724964358528,184832,145.8404513369025,145.97728084356967,55.54295485460403,-0.3985425693687148,203.83163672319307,73.28935346738949,1
2026-06-29,175.06147516408583,177.05030301927275,155.66505426251493,171.20061875246748,117411,146.10265913261364,146.96643134980096,55.14401372420784,1.6953826753330077,207.31147917589067,75.05664496302849,1
2026-06-30,180.6834739267264,185.54691774671548,171.60768309905362,185.4327547367985,73377,147.5683463227637,148.4749146198793,50.65634901814871,4.451928883745865,212.596823250498,76.37742500383445,1
2026-07-01,199.0505142000673,213.4958528371805,194.32950493313803,196.2303868942884,88211,148.57248570636094,150.3476782384836,54.39777953359096,7.422231425592798,218.77755751405314,78.55538052450763,1
2026-07-02,141.26176769114267,158.37569705326837,139.7918327445424,147.25314863123336,53744,148.5610191823025,150.2263241362385,46.8310735043094,5.757791545079925,217.3300823262305,84.7150108213012,0
2026-07-03,137.20180857927832,153.80620587061816,133.8066504775275,149.80771413443006,74995,149.37417746194296,150.20990805773624,55.79338713679381,4.591910350687215,216.22185501991578,90.05242631322655,1
2026-07-06,177.6412960741997,185.5849666665688,167.24581710307933,170.9876571228202,198049,149.80317943576472,151.02472174656307,52.96648539619439,5.315709307422765,215.92286932922923,90.08969861526255,1
2026-07-07,134.0803540253018,147.44205675671472,127.34029049667608,138.49847840201605,84542,149.73697062301176,150.53349651736514,51.40492376309188,3.230481021639463,214.0363753559967,95.20906714513922,0
2026-07-08,193.07573256035647,197.1754184686729,176.49806524270429,191.65603937052848,60651,150.42770448839073,152.14614525670487,53.94230134803244,5.8004297522416834,217.8888157831934,97.96032467225396,1
2026-07-09,185.8412751843012,191.70422978952146,177.22352471106507,186.1434283489029,149239,150.99779907871488,153.4793720446342,44.16485610106154,7.308068137714997,217.4001704129651,98.13405531653797,0
2026-07-10,142.89940273750184,160.82611910792423,137.92511728574925,142.23107207579088,128931,151.7921790246307,153.03826224193446,50.276908866658125,4.903003487592969,214.2889334376133,105.07194731578721,0
2026-07-13,175.08710677914974,175.34714524936444,162.74420704706912,167.22309680426488,152112,152.2539234568847,153.59453026398663,49.38715577998034,4.956484683215024,213.37214517098138,105.05492376908924,1
2026-07-14,175.45428740846825,177.16445802555762,161.31874307075933,173.7384842716276,66715,152.32885337490208,154.38448924467843,49.75687275946914,5.461647757714616,213.72292530263857,109.52444716965104,1
2026-07-15,110.31238688359326,114.47011198651381,106.97154872557427,111.1274513026832,195448,151.78511535764085,152.68813481558058,57.656335206342966,0.8005774765923661,214.14243938981835,108.81941123488932,0
2026-07-16,190.25529066795667,190.78593474543305,186.9029063421903,186.92321308011543,111350,151.6084315489152,154.03068690438587,47.928105848834825,3.1860039511026628,215.03739518025066,108.57492857630382,1
2026-07-17,150.52523724478573,154.15394594658167,149.79180870611486,153.11135484008454,121425,151.30527093335735,153.99463466657014,48.107134067271474,2.321377837043002,214.97230618310925,108.34180858652883,0
2026-07-20,182.64574661077415,194.306577830168,167.91770630946135,168.84953311820138,136120,152.09683306903648,154.57717970388902,43.35234155329827,2.8729769797002405,212.67838525637714,108.71080915721447,1
2026-07-21,132.00496010306117,140.43345111491112,118.72886955062506,134.91470926315867,164889,152.59436883122322,153.80610243170352,54.141785559241235,0.5653495961410897,212.37418989319292,106.00290076327849,0
2026-07-22,189.55232284962005,207.40575707115954,180.05970533462377,185.5967492085451,191130,153.26346958068953,155.05279446216792,50.413370577788704,2.7939484269316495,213.36313577087884,105.72419557497022,1
2026-07-23,138.92016787341632,155.26903910818513,122.03675889403237,153.87572525110812,124637,154.36517652849875,155.00663488526362,42.70016665626041,1.9777097202406253,210.87891004193062,112.29597648333441,0
2026-07-24,101.08376514802984,107.92011218198736,84.97036208902878,93.41451038042705,120194,153.06595409741655,152.59125745370142,53.88753806322111,-3.507448398278086,215.0251358486706,105.79647675027863,0
2026-07-27,190.53819764192636,195.72666631055222,178.8311103539913,184.35480177180023,126917,152.69984716030004,153.83688664264648,42.31206710420452,-0.5104698513866026,216.5400576137344,105.5969732871481,1
2026-07-28,109.12866767861335,116.7225158419587,91.76324206834818,95.47937967821477,114200,151.50367060025937,151.54835695776683,45.93248346781772,-5.24636967708372,217.99246991467822,95.14922348034595,0
2026-07-29,131.9313637590415,143.73726260933765,127.81453955830612,132.68059084478458,155848,151.22166445192593,150.80844456117927,54.20562377363751,-5.9294268300592705,212.71560161015572,94.07111217991803,1
2026-07-30,195.0061967050805,200.36746952153803,192.76780431712595,199.43005660821308,156022,151.83369029325718,152.71517444537668,53.035433772578365,-1.0722700447944078,218.68169694698676,93.32270764078501,1
2026-07-31,195.0607146937556,207.5436928507383,189.66572246341582,207.4781582473883,198226,153.23450466482686,154.8627424376124,48.99915451692574,3.3874280806298884,225.5451477113205,92.22630128774698,1
2026-08-03,157.34378881232863,165.53202185615345,156.20205169054233,159.63836862188145,110058,153.35488459355633,155.05002189581904,53.96869610472919,3.02661088021668,224.7366995264959,91.89982062247776,0
2026-08-04,163.18372121697993,174.22466483401953,152.56033065695928,162.27918128134036,112068,152.5641864235615,155.33351834231007,46.496794835341504,2.9200911674826386,225.2800815941054,93.73450884280074,1
2026-08-05,144.84455219783197,153.5670827805383,126.11243835193275,145.93663921251851,149932,152.50416894783172,154.9650132783967,48.341741960913296,1.499679590278049,221.44935656843288,92.99329385267222,0
2026-08-06,129.32107716980644,135.2103923606448,128.53420635643624,134.45061422296584,187103,151.54208723481005,154.16052704092883,47.68469089635912,-0.5465329504622218,218.1202918949398,91.15307711357158,0
2026-08-07,132.8664545369916,151.83552067623472,130.42425625679107,143.1220853085172,72785,150.88551807385886,153.72764697299112,53.003441399427,-1.4517213450670567,218.12942706833385,91.23304326345018,1
2026-08-10,167.25184560770384,182.52396149089907,158.20786504203514,167.728241681136,144475,151.86549732209954,154.2766899027223,47.97406800203704,-0.18148642969026696,218.17610443679115,91.23688038268,1
2026-08-11,175.237452943768,178.03971645909706,156.5599525932099,165.422972300546,52282,152.78652649645716,154.71379901636243,53.61587772705255,0.6318839543292825,217.34295777750953,91.23847584485343,0
2026-08-12,179.15790437258485,196.5272638905431,172.83478227304985,189.31570242172018,117534,154.31997076385144,156.07073640480783,58.38455035680209,3.167911769659611,219.65964309030107,96.74061564396561,1
2026-08-13,178.96181427945538,188.71043824444564,168.81711810568754,168.88114005385836,124964,155.69496161409813,156.57310517535885,42.101481140463555,3.488619051246701,217.4991514440988,97.0968999875422,0
2026-08-14,109.12061030486903,127.01165484275086,108.28915312386118,119.88941555945877,169006,155.94243327972083,155.13452911199022,58.18883085018532,-0.2080426570488214,218.11475614233336,93.159101361245,0
2026-08-17,149.44203047025815,165.43913558920445,146.47516645101638,153.21672492986784,100583,155.53467195813167,155.05932110484818,46.635460247331864,-0.4433279470249545,217.0275280202158,92.68304866452922,1
2026-08-18,105.75587600166443,114.26014609104911,86.02327354248749,108.4489223641663,88392,155.5802557487035,153.23146233070378,40.39326427849119,-4.193836821084716,218.5526310292486,88.51136696559726,0
2026-08-19,154.95288823237354,155.4022743987759,135.65051430365264,137.48724311253116,57461,155.81761941440584,152.61404196920682,40.71283247512145,-4.768029448229669,214.6958841674525,87.55716321779192,1
2026-08-20,144.1530501373377,149.52659732503662,144.0542505186495,147.27309731569417,150123,154.9772298485528,152.40459315926518,53.90619029204764,-4.3829210065868835,214.3742154882532,87.21856910344977,1
2026-08-21,188.77041827582997,199.6031025690473,169.7341825673652,184.1003233383517,60516,156.57994587858354,153.64756297020975,46.681607033167445,-1.0934656387449309,214.4566657015066,96.20470018598888,1
2026-08-24,135.09150125520787,147.76106565173083,122.30910249889787,138.65754811636177,198586,155.82187254215947,153.05971925045102,43.446048709409865,-2.1288605604093505,210.96885581630033,95.12278470565127,0
2026-08-25,111.70670164276059,116.86445535142464,94.34833575236016,95.8085870421679,171251,155.22733530401408,150.81457681091052,47.113462186909786,-6.333957629621608,210.91658237349145,95.20797888485549,0
2026-08-26,114.29916820528359,117.08628968674007,105.20437109260641,112.09569124074478,112493,155.18959573325893,149.29618914149228,54.233071921423814,-8.257111321800323,212.10401534378525,91.96205595415772,1
2026-08-27,176.15106317174724,192.84966790773322,165.83914260016223,181.005136273054,86027,155.20132882348705,150.53967726429863,50.09607968920622,-4.172707786635897,208.63325197251748,93.59032729190953,1
2026-08-28,161.8218063316261,181.50984994569714,152.0448747264877,168.5647105148598,143547,155.4507541395993,151.24654131334026,44.46826634025671,-1.917522937384291,201.0123222168812,97.31991227429305,0
2026-08-31,110.11226761227903,120.62607125833274,96.77498246135694,111.16882038522871,150127,153.91215581373052,149.67486598282608,41.50494344312264,-4.707377633498055,201.00283028415157,92.48244938335738,0
2026-09-01,108.41068061149974,111.8442663284658,105.61765551637349,109.82975808834094,198930,152.80803603881014,148.11231273206195,50.53551176002578,-6.946335682529849,200.25614811233137,87.98418923587761,0
2026-09-02,170.096913145912,175.54305967629938,169.49744134845844,174.36409759863884,129003,152.72543114448754,149.14179449153556,48.40851430100197,-3.473306094111848,203.28766206940534,87.79542111741566,1
2026-09-03,107.27630063641935,107.64411416736868,101.11770180459553,102.87866308817266,89758,152.52300093711202,147.32755404434488,53.506597402797766,-6.415231464771836,204.63755794280368,83.28833013053807,0
2026-09-04,182.18600592903562,200.4719820602456,168.0923906743027,194.8071534491463,104312,154.08019901322325,149.18949911904298,55.348272667143185,-1.3137238321938867,211.3343809456894,81.76001394171519,1
2026-09-07,170.62422271564964,172.97924437345245,166.58715367319067,169.77204918613947,118670,154.0516276218967,149.99665794520362,46.688369314638024,0.7010527345397861,211.5835231774426,81.71525246046237,0
2026-09-08,108.13487806418998,119.66520757447505,94.66622939769164,96.59260763611127,132279,152.27482467988295,147.9023814624941,45.37799560308084,-3.56608407026701,211.1776027927038,75.23813637875769,0
2026-09-09,108.48377140851919,113.96487582226331,89.08553048637378,90.54223927477197,65434,150.1610617274926,145.65296412179913,51.23774861243625,-7.351293754478689,206.48615452871385,70.05223832805282,0
2026-09-10,198.66395785011753,209.7475179004334,196.78594353432916,201.1181983581098,125769,151.23836272203013,147.8280713467525,50.436869078875645,-1.4122642211648326,212.5233931989876,67.23870548820418,1
2026-09-11,137.42707957561203,150.45548734264932,123.97503721110951,144.75946247190606,116677,151.13739768877969,147.70773374381736,53.83615930512721,-1.2389378002751812,213.1750173445215,69.07408603391508,0
2026-09-14,137.06421470668909,153.65905078083313,128.18921032059765,146.2137308251991,133555,150.64191916282726,147.64914539406763,55.09150146633872,-0.9730117864918384,212.6452768400229,68.90352712794677,1
2026-09-15,181.27995672575025,185.4083821609623,163.91711163820014,180.86544918227335,178379,151.4892585784324,148.95174554262474,50.97974129722856,2.010662899931134,216.70436782832263,72.08608882145775,1
2026-09-16,194.72485773838588,194.94477431155548,191.18186194943817,193.12830007646306,151665,151.51870379255107,150.68415944591254,51.93353732055114,5.3036193449564735,222.58257349935752,71.77198884681603,1
2026-09-17,198.6001063822871,201.33781898366323,184.7475873377638,192.0505906841382,118803,151.6368470392558,152.30637243564686,54.5421154476755,7.737159749563489,227.4467228028608,71.38558888015723,0
2026-09-18,175.33781852589416,193.33819136285626,158.57551273293197,163.70135753199284,141703,152.06625274837984,152.75323459628788,51.708292703320026,7.2941296755138865,225.03881515786156,71.75359994452053,0
2026-09-21,137.62595855309158,155.1037601043419,118.73367416361111,130.67007281750685,71312,151.33519226864465,151.88722825202194,43.98901641440498,4.228928077020157,224.93578231789695,71.05788525459967,0
2026-09-22,108.35007166986688,120.29833371327304,94.68511110407397,105.80174574658892,167961,149.9764574981439,150.07995442827948,55.93861130501999,-0.20457423032900124,224.12707276950067,72.865910673438,0
2026-09-23,177.7146915927437,189.72502880141676,167.77119631257514,169.71631530420086,90379,151.14823477817427,150.85000779596265,45.35358627800496,1.4228135474870385,225.54544558704967,77.20960026223466,1
2026-09-24,155.8404249735805,169.1411584645056,143.48348016955623,149.14387068024106,67297,150.39264793017676,150.7831004580912,46.62793864283168,1.0405113686795744,222.62981898082833,76.93910030917468,0
2026-09-25,142.42220092469762,145.92962649716662,125.04410123512326,137.5383507266848,52011,150.08118784790878,150.26369850784,61.15508216547171,-0.19666727333279255,220.71509280345686,75.75119050772868,0
2026-09-28,190.6354385094736,208.9236774279728,179.223243576697,201.0727572379816,170234,150.72565233030437,152.25621061490438,52.66048570986884,3.904546187796143,226.66840394392145,78.78827305253938,1
2026-09-29,111.11974823061513,119.49515872845659,110.5120070366784,119.48031417263051,94014,150.4169644284938,150.97088134265834,45.10078057130614,0.5644524875950765,226.09053544747388,80.3311971574159,0
2026-09-30,149.26251042908592,156.92528099407588,130.64353651894638,155.1673826596546,192810,149.808377097516,151.13545002175624,45.49526150070104,0.7879691261449011,224.46024763524693,80.04181347574442,1
2026-10-01,101.13536447674191,111.51371858239867,87.34482945611069,102.87491652008785,144333,148.78836092289558,149.24288008051437,49.321729958585934,-3.217369485852913,224.46059962540488,80.04108682877795,0
2026-10-02,146.86606419941262,147.80538353491372,133.33579648386768,139.43108186108992,61120,149.70869235250885,148.85810367975265,42.51013585177716,-3.4026287759039917,219.01834389878826,79.94573539658899,1
2026-10-05,105.63032756818373,108.95599494330531,101.31682452022939,106.1766918285389,189839,148.14513015364363,147.1843228228423,42.76433055947666,-6.161770401464821,217.72261950859286,74.88192405102428,0
2026-10-06,111.8817916268072,126.6424639553346,98.70408222215406,120.65391703737055,72852,148.64862090082673,146.14391475282378,41.5551523322366,-7.098393078319788,216.15694265493073,78.85373184481232,1
2026-10-07,111.75262467771049,113.40859803621302,103.87533656462732,105.00346641425146,129239,148.09507841221608,144.53056383758565,49.86021883089238,-8.999789891052473,214.62134691879032,81.83545029490067,0
2026-10-08,164.92103021160636,176.98407240093414,151.89637067077652,162.17994228121015,182001,147.35007612567603,145.22269632557092,54.52361289384356,-5.82584014650098,208.28253383357924,84.2804377724218,1
2026-10-09,174.60448792654233,179.51147012016875,172.47262732038251,178.3838635918728,141575,146.7681902325657,146.52313425758277,54.492922626408415,-1.9801155395601882,211.5921154485132,84.33329626948448,1
2026-10-12,158.33687650971598,166.12278879055552,145.17997041765526,153.21851421552316,145040,146.63979314443853,146.78569817750198,52.11812948335808,-0.952010278793324,211.97892312087117,84.64696693615895,0
2026-10-13,196.21725484745417,201.99112958286815,176.22898033204083,190.96163913580523,198510,147.21344230152783,148.5180880190041,49.25812414397646,2.8751819878561378,213.7186402073847,83.91686884499862,1
2026-10-14,137.4870579523704,144.60051228166938,136.52281717515928,141.27063886515242,55744,147.1201222945805,148.2338743266962,47.95853160761143,1.8769744032375968,207.7265483396221,84.72319459163012,0
2026-10-15,128.57120862818607,142.95212673187098,109.02772494375972,115.28597147543061,188141,146.73682943962982,146.94179970507795,48.4318029106926,-0.9993380477460505,201.37681966924674,83.3964613411348,0
2026-10-16,186.85991281894604,192.80234713140953,178.72175360448864,183.82224361943918,92359,147.55083260584826,148.3880916232882,49.54239747889395,2.2258102377317925,204.5595754410613,82.22579417806483,1
2026-10-19,122.35958385194526,133.6876766578832,104.94451484520008,114.5594269456786,148746,146.4874563111391,147.0614773222055,52.30027561968739,-0.7979684782505956,204.873603991767,80.30070104017628,0
2026-10-20,196.32225394406112,205.8432619880431,180.67454426289564,181.33388182526713,170906,146.80567450163352,148.40549318507067,48.97879672298961,2.1688049224512156,208.4180604640518,84.30945817575935,1
2026-10-21,101.21544746898164,114.48887077623459,89.87512224924828,90.47057224209432,57597,144.82877189804103,146.13353550103238,55.11692381840616,-2.7798708690748413,208.18534393978626,76.61760039381426,0
2026-10-22,196.9878826707639,215.72447745725907,182.21889848573736,210.0853894629971,97093,145.6528568862238,148.64145134267807,49.31110526144841,2.916563669363626,217.85917362476067,73.0379225871154,1
2026-10-23,104.3159911950576,118.96743313926261,86.74567996903065,95.54450020596992,164650,145.16595857915402,146.55921796476795,53.93307708655999,-1.7908199654045518,219.08431952239212,67.61339163741249,0
2026-10-26,189.11431136980713,193.41311894162226,181.03150493678646,187.44615624445703,199765,145.8505472054458,148.16262730906948,52.48506558011241,1.8726533946467612,216.43611998729057,68.89893107316156,1
2026-10-27,152.77011090863,153.39377360985569,146.22944767736521,148.36961505092535,170956,146.64896105918098,148.17074447541677,52.37001982252659,1.6043383149220745,217.09607496448467,71.127906183797,0
2026-10-28,199.29647961193004,204.54176049792653,185.94461190065834,203.4385636044344,165598,147.96798746901902,150.3381099314567,45.835663299658194,5.768801446871578,224.09742319445166,68.95367604830795,1
2026-10-29,107.37965647353988,119.28121508754498,91.22273763471472,98.498209896942,183241,146.992489720644,148.30517267520125,49.69029834643373,0.5945058676375083,224.41988289307483,68.19354568737016,0
2026-10-30,155.38542844013207,156.4139447098171,140.13972574459976,147.13205479501056,58036,146.25312434977718,148.25916805244867,50.62925583547835,0.4134185439508826,224.7381194519453,68.64540642189182,1
2026-11-02,196.9302535619099,206.8575785059346,180.9739805847372,203.56337948194653,81778,147.55124097708887,150.42796065752702,50.99134763944326,4.768473823280175,231.10196641738847,72.02022822178938,1
2026-11-03,152.3097844170149,164.24664139535267,143.59811812075623,160.98280297032088,187416,148.85472529565195,150.84187604234248,51.818660760622535,4.729471442074839,231.85404963653977,75.30103359593309,0
2026-11-04,162.93986381352624,169.62474162986547,146.58317949002583,150.8712468736431,68800,149.63023640830988,150.84302783964839,49.87523970827173,3.8383970508875223,230.770085574488,80.97177570392404,0
2026-11-05,169.57486889846172,184.99311297337815,167.17068779104955,181.47573812798018,75372,149.63964844540843,152.04431059605358,51.4237276149317,5.537903345307399,232.56950952460426,81.10193133848479,1
2026-11-06,145.45410647677733,147.58607153945277,134.56432451756032,140.53071824540964,111516,149.0789686000194,151.59279717053812,48.96845532556794,3.5400459688750914,230.30048509654978,79.58564123189295,0
2026-11-09,162.75580800840635,164.25856364312253,162.64063479844393,163.42204406767272,70538,150.1240330736683,152.0566892057199,54.0889663033759,3.760519360980453,230.89960734641846,80.00687196723925,1
2026-11-10,158.43143119231001,172.99520631638208,151.9397145943046,154.75020104857163,113918,151.0224419328729,152.16231712112585,48.13822774905954,3.1986290500124426,227.21585767162816,80.06947783330617,0
2026-11-11,190.11580104909888,200.02562737322285,182.78657035167092,184.1760644433534,196045,151.21868126976722,153.41775819258578,51.29138879798836,5.069312307384649,230.3378096489028,81.23806841385165,1
2026-11-12,104.54463803414579,118.31268596270051,96.62118420196069,112.41128096089385,121155,151.40933362722163,151.8096610462449,44.59751260061293,0.7523513644756292,230.5331849899007,80.75522402140007,0
2026-11-13,128.09631895922303,136.79286573129795,114.18697482542578,125.40992147457327,109500,150.02138898773018,150.77437714147348,53.68877809082607,-1.6015282092419056,227.54156703364217,77.90560976317201,1
2026-11-16,195.04114840765587,199.969189072438,187.26998638224896,192.81764200011062,160659,150.48230084400956,152.42313262612592,49.55809468216579,1.9497692402728717,231.2358213678858,82.03717693437162,1
2026-11-17,189.02637838909163,205.40842474257562,180.052505936641,198.54985735061237,77716,152.5214458382996,154.23202379179205,55.93732689066086,5.167175939616271,233.67711159719994,81.31748425759194,1
2026-11-18,145.5656752785713,161.55399285795087,140.81479266108474,156.69091792654473,184308,153.84441941133508,154.32845101276274,51.22101605022383,4.28987632334011,230.17354331941777,91.4430871038191,0
2026-11-19,162.01325978015367,175.90718919724222,154.54822394756687,157.94233797870618,196920,152.98090220374698,154.47017207025073,41.04895855364623,3.6534742198962533,223.57269921257105,92.82962606223677,1
2026-11-20,127.73811829811326,133.18102104271253,123.19272575285024,129.28783473913327,52352,152.67146964909153,153.48262942981475,44.530351446227655,0.8274042311934693,219.97952685285776,99.79713187526643,0
2026-11-23,118.81211597237613,130.6167293097579,117.34819749700726,119.1441474436944,183004,152.13007798146143,152.13602229310416,49.741602309284694,-2.205365307525369,217.72236364093175,95.22409420711614,0
2026-11-24,146.36984049399823,153.58931843279876,134.30086862637066,148.7937292590425,126449,151.48864358299681,152.00495197804293,43.62219892416618,-2.1911256240149726,217.73204873009252,95.2568205387671,1
2026-11-25,135.33522280260527,137.16686426913796,121.97096683150495,131.95399000726457,58556,150.26515738161285,151.21863974389476,54.459477933026236,-3.4983401071727087,210.87789564054162,94.962516268601,0
2026-11-26,158.3656111850872,176.71188269433208,145.97580426489492,175.3783862852624,136836,149.93171329363534,152.1660807847327,42.780487130663154,-1.0185894708642707,209.485495113517,104.04293443445773,1
2026-11-27,107.77346369649848,110.5098363148777,98.50358282048704,99.33151024533257,186570,148.64431634790213,150.09413684201115,53.47204862180553,-5.130574502914868,212.94358155447435,95.80479353853254,0
2026-11-30,197.43948076661667,216.4442278430327,189.84376516303206,191.36144714373384,100098,149.85814383442667,151.71246273619636,50.45640772143606,-0.9523276443593716,210.39830507300928,97.12987678617628,1
2026-12-01,198.62107444796027,207.5411899071194,181.35440145652376,188.74397468500703,162169,151.51698841319504,153.1646788910517,,2.123279101611729,213.85436114149815,96.44993788915609,0
